Price,Close,MA_50,MA_200,Daily_Return,Volatility
Ticker,AAPL,,,,
Date,,,,,
2019-01-02,37.46920394897461,,,,
2019-01-03,33.73699951171875,,,-0.09960725192716557,
2019-01-04,35.17719650268555,,,0.04268894720369354,
2019-01-07,35.098899841308594,,,-0.002225778889769603,
2019-01-08,35.76799011230469,,,0.01906299838516956,
2019-01-09,36.37540054321289,,,0.016981955905295498,
2019-01-10,36.49165344238281,,,0.0031959207990526206,
2019-01-11,36.133384704589844,,,-0.009817826927427276,
2019-01-14,35.59006118774414,,,-0.015036607317240547,
2019-01-15,36.31846237182617,,,0.020466421235961985,
2019-01-16,36.76214599609375,,,0.012216476009506483,
2019-01-17,36.980430603027344,,,0.0059377547479624315,
2019-01-18,37.208213806152344,,,0.006159560594904301,
2019-01-22,36.37302780151367,,,-0.02244628051724895,
2019-01-23,36.5201530456543,,,0.004044899559736415,
2019-01-24,36.23066711425781,,,-0.007926744749251036,
2019-01-25,37.43125534057617,,,0.03313734805191859,
2019-01-28,37.084835052490234,,,-0.009254840238029916,
2019-01-29,36.700462341308594,,,-0.010364687092111802,
2019-01-30,39.2083740234375,,,0.06833460730836904,
2019-01-31,39.49071502685547,,,0.007201038310060914,
2019-02-01,39.50969314575195,,,0.0004805716706719476,
2019-02-04,40.63197326660156,,,0.028405184436879782,
2019-02-05,41.32716369628906,,,0.017109442977974343,
2019-02-06,41.34140396118164,,,0.00034457397069953544,
2019-02-07,40.55841827392578,,,-0.018939504037914667,
2019-02-08,40.60607147216797,,,0.001174927432335826,
2019-02-11,40.37256622314453,,,-0.005750500862499952,
2019-02-12,40.720462799072266,,,0.008617152895480151,
2019-02-13,40.551265716552734,,,-0.004155087415248726,
2019-02-14,40.699005126953125,,,0.0036432749456716262,42.99753844707337
2019-02-15,40.608455657958984,,,-0.0022248570625176267,30.11225987888226
2019-02-19,40.729984283447266,,,0.002992692618303483,28.081018313165956
2019-02-20,40.992088317871094,,,0.006435161688249202,27.998211011868335
2019-02-21,40.76096725463867,,,-0.00563818709210917,27.860650759331968
2019-02-22,41.216087341308594,,,0.011165586032998887,27.68485476735465
2019-02-25,41.516326904296875,,,0.007284523649758734,27.695827078783115
2019-02-26,41.5401496887207,,,0.000573817247338404,27.392631505461107
2019-02-27,41.6688232421875,,,0.003097570770230984,26.748156265703944
2019-02-28,41.258975982666016,,,-0.009835825147721855,26.707145863083504
2019-03-01,41.692665100097656,,,0.010511388300423308,26.668291999565263
2019-03-04,41.90234375,,,0.005029149597391758,26.66485318607429
2019-03-05,41.82609558105469,,,-0.0018196635825487029,26.71691062099043
2019-03-06,41.58543014526367,,,-0.005753954139100292,25.697450598203364
2019-03-07,41.10408020019531,,,-0.011574966121233765,26.121884882508372
2019-03-08,41.20178985595703,,,0.0023771278979076715,25.880034145428617
2019-03-11,42.62910461425781,,,0.034642057136127447,26.02837196612479
2019-03-12,43.108062744140625,,,0.011235472436421201,25.76562987842328
2019-03-13,43.29869842529297,,,0.004422274373214741,25.34473272730322
2019-03-14,43.780025482177734,39.33775421142578,,0.011116432465406278,17.145935262371786
2019-03-15,44.34952926635742,39.47536071777344,,0.01300830179762058,17.3294589648288
2019-03-18,44.80227279663086,39.69666618347168,,0.010208530682576544,17.390324149718943
2019-03-19,44.44721984863281,39.88206665039063,,-0.007924886971911516,16.149969959436067
2019-03-20,44.83563232421875,40.07680130004883,,0.008738734996445174,15.69228551659236
2019-03-21,46.48694610595703,40.29118041992187,,0.03683038904854019,18.512458840315308
2019-03-22,45.52427673339844,40.47415794372559,,-0.020708380592788234,18.708841103707062
2019-03-25,44.97384262084961,40.64380172729492,,-0.012091001813654412,19.265030297872826
2019-03-26,44.5091667175293,40.81131736755371,,-0.01033213699878277,19.50015145396006
2019-03-27,44.909507751464844,40.99770629882813,,0.008994574903552932,19.509350025470273
2019-03-28,44.96906280517578,41.170718307495115,,0.0013261123689114473,19.390644348246568
2019-03-29,45.26216506958008,41.34071868896484,,0.006517864641167437,19.410065309545047
2019-04-01,45.56954574584961,41.51250099182129,,0.006791117389038037,19.349941003787993
2019-04-02,46.23197937011719,41.692976303100586,,0.014536761633791695,19.589608319841986
2019-04-03,46.54888916015625,41.89649353027344,,0.006854774430097299,19.593949429782988
2019-04-04,46.629913330078125,42.098688735961915,,0.0017406252089733343,19.383674770687147
2019-04-05,46.94206237792969,42.312916641235354,,0.006694180313867593,19.294489045707316
2019-04-08,47.680747985839844,42.517906494140625,,0.01573611321042967,19.557356804549066
2019-04-09,47.537776947021484,42.72696533203125,,-0.0029985066270524774,19.65000516970241
2019-04-10,47.804649353027344,42.94904907226562,,0.00561390168293463,19.647053751854024
2019-04-11,47.406715393066406,43.1130158996582,,-0.00832416857662266,19.55478545505094
2019-04-12,47.387657165527344,43.27095474243164,,-0.0004020153554415984,19.529390663159404
2019-04-15,47.47343826293945,43.43022964477539,,0.0018101991645729232,19.541935851785283
2019-04-16,47.47820281982422,43.567154235839844,,0.00010036258293277811,19.498055222217577
2019-04-17,48.40275192260742,43.70866600036621,,0.019473127622201547,19.736402576017014
2019-04-18,48.57669448852539,43.85337181091309,,0.0035936503402966835,19.09895715721991
2019-04-22,48.736351013183594,44.016930465698245,,0.003286689766342832,19.08721736824835
2019-04-23,49.439292907714844,44.19359489440918,,0.014423359154260407,17.23085820935842
2019-04-24,49.363037109375,44.373404312133786,,-0.0015424128027515804,17.227609309400957
2019-04-25,48.915061950683594,44.537296295166016,,-0.009075113382890465,17.676848653268472
2019-04-26,48.681541442871094,44.699901809692385,,-0.004774000042112481,17.731225307957114
2019-04-29,48.75541305541992,44.86102996826172,,0.0015174460454485672,17.513027217700778
2019-04-30,47.81657409667969,45.005192337036135,,-0.019256096911189347,18.54314219369502
2019-05-01,50.1636848449707,45.1938663482666,,0.049085715416278486,22.71932113147094
2019-05-02,49.83723068237305,45.37076919555664,,-0.006507778756814853,22.880232879683778
2019-05-03,50.456764221191406,45.5646851348877,,0.012431138936407349,20.802181440437963
2019-05-06,49.67757034301758,45.73391479492187,,-0.015442803164269714,20.335461769337602
2019-05-07,48.338417053222656,45.87035659790039,,-0.02695689987550176,21.704026061842924
2019-05-08,48.347938537597656,46.00651237487793,,0.00019697551048292183,21.375241459398158
2019-05-09,47.828487396240234,46.129705657958986,,-0.0107440184022215,21.645866053316958
2019-05-10,47.16588592529297,46.24784385681152,,-0.013853699061353808,22.139985867452467
2019-05-13,44.42462921142578,46.30248313903809,,-0.058119478943088665,28.05050635823665
2019-05-14,45.12789535522461,46.36699417114258,,0.01583054616959978,28.374325856150584
2019-05-15,45.668479919433594,46.44384185791016,,0.011978944729280405,28.268617662759297
2019-05-16,45.467559814453125,46.521484451293944,,-0.0043995356389116,28.210801744417196
2019-05-17,45.20920944213867,46.603587036132815,,-0.005682081320588672,28.23862623877943
2019-05-20,43.7955436706543,46.65546211242676,,-0.031269420300164,29.470855913824124
2019-05-21,44.635135650634766,46.695582733154296,,0.019170717146343996,29.668065051397484
2019-05-22,43.72138214111328,46.70784912109375,,-0.020471619413763076,30.1461062213628
2019-05-23,42.975074768066406,46.70137664794922,,-0.017069619863299912,30.32470231299871
2019-05-24,42.81002426147461,46.68197662353516,,-0.003840610109058895,30.2888264862326
2019-05-28,42.63300704956055,46.64764617919922,,-0.004134947713014148,30.27800066617542
2019-05-29,42.4296989440918,46.600194702148436,,-0.0047687958119493334,30.240748722416022
2019-05-30,42.64976119995117,46.564245529174805,,0.005186514666279951,30.33005119598553
2019-05-31,41.87713623046875,46.5050756072998,,-0.01811557550956011,29.81999480627458
2019-06-03,41.45374298095703,46.40441154479981,,-0.01011036779548613,29.75546609910143
2019-06-04,42.97028732299805,46.3533317565918,,0.03658401468686878,32.04773330735676
2019-06-05,43.663970947265625,46.32713432312012,,0.0161433322298572,32.13736319723227
2019-06-06,44.30503845214844,46.3230517578125,,0.01468184159560404,32.58318002449476
2019-06-07,45.48429870605469,46.3345475769043,,0.026616843029713344,33.666382746259245
2019-06-10,46.06556701660156,46.356477661132814,,0.012779537710438493,33.93324326154622
2019-06-11,46.598976135253906,46.38321388244629,,0.011579345554568077,34.138720211696956
2019-06-12,46.45068359375,46.4008366394043,,-0.003182313299620265,33.71862692502018
2019-06-13,46.44111251831055,46.40501930236817,,-0.00020604810734670131,30.234831933624495
2019-06-14,46.10383224487305,46.3961181640625,,-0.0072625364714189455,30.24455434462724
2019-06-17,46.3789176940918,46.391098251342775,,0.005966650402458473,30.02605500628978
2019-06-18,47.46967315673828,46.401650466918944,,0.023518346629840314,30.697217851654457
2019-06-19,47.3309440612793,46.39465438842773,,-0.0029224784211367982,29.728868037419147
2019-06-20,47.71127700805664,46.39812438964844,,0.008035608719000553,29.83216638585404
2019-06-21,47.54861831665039,46.3930037689209,,-0.0034092294653690347,29.683747423636014
2019-06-24,47.500789642333984,46.39488525390625,,-0.001005889887228495,29.39579179141148
2019-06-25,46.78078079223633,46.38274772644043,,-0.015157829070192252,24.128701974140288
2019-06-26,47.7926139831543,46.389131240844726,,0.021629249742789458,24.47698234602256
2019-06-27,47.77825164794922,46.39513221740722,,-0.00030051369883510315,24.301317203018296
2019-06-28,47.34291076660156,46.37393539428711,,-0.009111695516935914,24.440711124626937
2019-07-01,48.21120071411133,46.36662551879883,,0.01834044281287217,24.81925851714615
2019-07-02,48.493465423583984,46.361767807006835,,0.005854753776958654,22.702762917589446
2019-07-03,48.89533233642578,46.350888595581054,,0.008287032269843841,22.264891686583034
2019-07-05,48.852264404296875,46.34067314147949,,-0.0008808188853810517,21.15609943234724
2019-07-08,47.84523010253906,46.3192765045166,,-0.020613871517268678,21.48220315426692
2019-07-09,48.137054443359375,46.30838676452637,,0.006099340314486668,21.373004599228913
2019-07-10,48.61307144165039,46.30553993225098,,0.00988878534001536,21.29527472711551
2019-07-11,48.25904846191406,46.31438941955567,,-0.0072824647617926175,21.402246687071784
2019-07-12,48.62982177734375,46.28371215820312,,0.007682980233692405,21.422564615886667
2019-07-15,49.086692810058594,46.26870140075684,,0.009394873680735882,20.359539537171436
2019-07-16,48.91685104370117,46.237903137207034,,-0.003460036857944937,20.007830950524877
2019-07-17,48.641780853271484,46.21718734741211,,-0.005623219495137666,17.965175546023417
2019-07-18,49.1943359375,46.234305725097656,,0.011359680392774019,17.740988485383646
2019-07-19,48.45997619628906,46.236546478271485,,-0.014927729528535938,18.265869125122354
2019-07-22,49.56748962402344,46.271326522827145,,0.022854188438895306,17.872447282046643
2019-07-23,49.954986572265625,46.3271085357666,,0.007817562502789865,17.691789845337457
2019-07-24,49.91433334350586,46.436902618408205,,-0.0008137972112344238,17.51905094829647
2019-07-25,49.51963424682617,46.52473739624023,,-0.007907530167004406,17.701348868832493
2019-07-26,49.691871643066406,46.60520523071289,,0.00347816373969434,17.690129519995317
2019-07-29,50.15591049194336,46.6989722442627,,0.00933832503251475,17.562753929328686
2019-07-30,49.940635681152344,46.79360076904297,,-0.004292112508367252,17.657048539535992
2019-07-31,50.95964431762695,46.93688278198242,,0.020404398593972806,17.3558870293183
2019-08-01,49.856929779052734,47.04131866455078,,-0.02163897635747014,18.65603293064528
2019-08-02,48.80202865600586,47.14293159484863,,-0.021158565674256335,19.697958343471065
2019-08-05,46.24735641479492,47.2083772277832,,-0.05234766487307785,25.00453889226003
2019-08-06,47.12284469604492,47.29463363647461,,0.018930558395548136,25.64977843536729
2019-08-07,47.61081314086914,47.39418975830078,,0.010355241666154535,25.41638688672591
2019-08-08,48.660911560058594,47.51881401062012,,0.02205588079502996,25.447179424715817
2019-08-09,48.259918212890625,47.631017150878904,,-0.008240563818313396,25.578728086383528
2019-08-12,48.1374626159668,47.75622367858887,,-0.0025374182439272808,25.43548674076898
2019-08-13,50.176002502441406,47.930668869018554,,0.042348303705531,27.73199783394336
2019-08-14,48.682518005371094,48.04491348266602,,-0.02976491594757169,29.13010693511343
2019-08-15,48.44000244140625,48.14043411254883,,-0.004981573959220609,29.06748787668903
2019-08-16,49.58293533325195,48.2459920501709,,0.023594814910016026,29.868472992690688
2019-08-19,50.50735855102539,48.346453247070315,,0.01864397925536876,29.603887672894615
2019-08-20,50.5097541809082,48.43533699035645,,4.7431304101897e-05,29.582588394178643
2019-08-21,51.05720520019531,48.52450157165527,,0.01083852076029368,29.60649789312071
2019-08-22,51.013999938964844,48.61576789855957,,-0.0008462128128843283,29.49336773881024
2019-08-23,48.656105041503906,48.66006774902344,,-0.046220545346022934,32.571131301258184
2019-08-26,49.580543518066406,48.7296019744873,,0.018999434413707217,32.92319131772984
2019-08-27,49.02107620239258,48.78244514465332,,-0.011284009330594924,33.08356685088949
2019-08-28,49.35001754760742,48.820052032470706,,0.006710202441430502,33.08535540463234
2019-08-29,50.18560791015625,48.877145309448245,,0.016931916219538268,33.28029300976094
2019-08-30,50.120784759521484,48.92533546447754,,-0.0012916681362277194,32.950509037616484
2019-09-03,49.39084243774414,48.96217994689941,,-0.014563665059906583,32.60981125402508
2019-09-04,50.22883605957031,49.01674087524414,,0.016966578832552592,32.90475768003171
2019-09-05,51.21088409423828,49.10534294128418,,0.019551479024982443,33.366068504519305
2019-09-06,51.206077575683594,49.17361221313477,,-9.385736332612193e-05,33.26005073063711
2019-09-09,51.42457962036133,49.24653877258301,,0.004267111542663793,33.265261897113746
2019-09-10,52.032073974609375,49.34032203674317,,0.011813307152588104,33.3245414342265
2019-09-11,53.68642807006836,49.449826583862304,,0.031794890518226815,34.40881431457419
2019-09-12,53.56637954711914,49.551284866333006,,-0.002236105609271233,34.01671105743051
2019-09-13,52.524295806884766,49.62386413574219,,-0.019454063333097182,33.8910586286519
2019-09-16,52.80042266845703,49.702827301025394,,0.005257126389423661,33.18251777953864
2019-09-17,52.99251174926758,49.80577293395996,,0.0036380216502565066,28.764257303405287
2019-09-18,53.48953628540039,49.912822570800785,,0.0093791465949844,28.485719546550975
2019-09-19,53.0549430847168,50.00166000366211,,-0.00812482647755186,28.65244170472847
2019-09-20,52.27938461303711,50.08206672668457,,-0.014618024760507109,28.590437469230817
2019-09-23,52.517093658447266,50.15981216430664,,0.004546898307423497,28.410671119400867
2019-09-24,52.267372131347656,50.223425750732424,,-0.004755052302088725,28.455310147292224
2019-09-25,53.07175064086914,50.30652374267578,,0.01538968723164591,26.190529567366212
2019-09-26,52.798030853271484,50.38964874267578,,-0.005157542087689704,24.514134412971554
2019-09-27,52.54110336303711,50.45658409118652,,-0.004866232434849516,24.510965317120913
2019-09-30,53.777671813964844,50.56293800354004,,0.023535258526711234,24.506586431107795
2019-10-01,53.926551818847656,50.65011924743652,,0.0027684352977912496,24.04376325591692
2019-10-02,52.57470703125,50.70251365661621,,-0.025068259363936862,25.316215748994157
2019-10-03,53.02132034301758,50.76465339660645,,0.008494832153836063,25.249797211983342
2019-10-04,54.50761032104492,50.86441291809082,,0.028031930710361364,26.389772733443145
2019-10-07,54.51961898803711,50.96096786499024,,0.0002203117495236384,22.03660616937522
2019-10-08,53.88092041015625,51.03546806335449,,-0.011715022770445338,22.00493125014057
2019-10-09,54.51240921020508,51.12690353393555,,0.011720081899896373,21.727538073491072
2019-10-10,55.247154235839844,51.212653732299806,,0.013478491159719663,21.898637753359623
2019-10-11,56.716636657714844,51.349847869873045,,0.02659833691346436,22.568943782580174
2019-10-14,56.63499069213867,51.506507110595706,,-0.001439541735679839,22.572101609920917
2019-10-15,56.50294494628906,51.71161888122558,,-0.002331522336913472,21.959615317664177
2019-10-16,56.27483367919922,51.89465866088867,46.30225578308105,-0.004037157130600599,21.77361819677566
2019-10-17,56.49333190917969,52.072309036254886,46.39737642288208,0.003882698813932439,21.26158536971388
2019-10-18,56.764652252197266,52.23438385009766,46.512514686584474,0.004802696775855875,21.23973733698092
2019-10-21,57.749107360839844,52.42416763305664,46.625374240875246,0.01734274886894016,21.61410505519997
2019-10-22,57.617042541503906,52.613759231567386,46.737964954376224,-0.0022868720465364367,21.555343691372034
2019-10-23,58.39020538330078,52.77804328918457,46.8510760307312,0.013418995625121388,20.065207139613094
2019-10-24,58.48625564575195,52.974118041992185,46.9616303062439,0.0016449721630649172,20.01066279041886
2019-10-25,59.206600189208984,53.18944999694824,47.07520503997803,0.012316475648913361,19.004703666535974
2019-10-28,59.79966735839844,53.39378463745117,47.19353645324707,0.010016909724492873,19.080480751621582
2019-10-29,58.41661834716797,53.551969833374024,47.30766923904419,-0.02312803853809786,20.663653903805212
2019-10-30,58.40941619873047,53.70996307373047,47.41812400817871,-0.00012328937623018454,20.605592035014997
2019-10-31,59.73002243041992,53.88341941833496,47.53296339035034,0.022609474938017904,21.081150864842517
2019-11-01,61.42521667480469,54.091643753051756,47.65518732070923,0.02838094103111244,21.453912659074923
2019-11-04,61.828582763671875,54.35509330749512,47.77828916549683,0.006566783329437387,21.45429544118075
2019-11-05,61.739768981933594,54.59827781677246,47.90512287139892,-0.0014364518442506746,21.337105701531225
2019-11-06,61.76616668701172,54.85317962646484,48.03135293960571,0.0004275640403812453,21.183998368366254
2019-11-07,62.47901916503906,55.115759658813474,48.16259469985962,0.011541148111709587,21.029857924632957
2019-11-08,62.650028228759766,55.36504806518555,48.288688564300536,0.002737063833684328,20.811837921195366
2019-11-11,63.146141052246094,55.625555191040036,48.41899509429932,0.007918796487606183,20.14779254927588
2019-11-12,63.08834457397461,55.89950523376465,48.55093450546265,-0.0009152812398094401,20.218482369984724
2019-11-13,63.69281768798828,56.168784866333006,48.6733567237854,0.009581375420381955,18.07288315702221
2019-11-14,63.252105712890625,56.40960929870605,48.79216367721558,-0.006919335509014024,18.471127169287666
2019-11-15,64.00350189208984,56.66555778503418,48.91463272094727,0.011879386001944381,17.353617560231168
2019-11-18,64.32621765136719,56.9235905456543,49.033103942871094,0.005042157846635309,17.284080397654787
2019-11-19,64.1311264038086,57.16557159423828,49.14712375640869,-0.0030328418906260257,16.702277743275353
2019-11-20,63.38456726074219,57.359534378051755,49.257339572906496,-0.011641135668904568,17.351615538861182
2019-11-21,63.100372314453125,57.550214233398435,49.37004934310913,-0.004483661537357908,17.37855695459409
2019-11-22,63.044986724853516,57.76062805175781,49.48224391937256,-0.0008777379208414482,16.121266376696962
2019-11-25,64.15040588378906,57.98762771606445,49.60113311767578,0.017533815396931107,16.540142499405025
2019-11-26,63.64946746826172,58.20076683044434,49.71577814102173,-0.007808811318120279,16.80260373639601
2019-11-27,64.50442504882812,58.42106460571289,49.835543937683106,0.013432281754638842,16.83641530422994
2019-11-29,64.36231994628906,58.64721214294433,49.95386051177979,-0.0022030287446402896,16.951385693001285
2019-12-02,63.61818313598633,58.87398811340332,50.06890914916992,-0.011561684086647595,17.570736089975767
2019-12-03,62.48385238647461,59.073323287963866,50.17767848968506,-0.0178302914920887,18.173281937611954
2019-12-04,63.03535461425781,59.28868293762207,50.287894821166994,0.008826316027572334,18.19405668681024
2019-12-05,63.96012878417969,59.506450500488285,50.4038906288147,0.014670722098431677,18.259463403615293
2019-12-06,65.19562530517578,59.75440238952637,50.52378831863403,0.01931666718753844,18.845548664564244
2019-12-09,64.2828598022461,59.989237518310546,50.63762098312378,-0.01400041028300747,19.33642215528801
2019-12-10,64.65856170654297,60.20685531616211,50.75321304321289,0.005844511358901183,19.238994193408146
2019-12-11,65.21007537841797,60.43252578735351,50.87091930389404,0.008529630992691661,17.67317858329309
2019-12-12,65.37625122070312,60.68855667114258,50.99150568008423,0.00254831544544043,17.639446181580063
2019-12-13,66.2649154663086,60.9534285736084,51.114366931915285,0.013593074381176073,16.986464611019436
2019-12-16,67.39923095703125,61.21126098632813,51.24185136795044,0.017117889349747673,15.828329065464288
2019-12-17,67.53170013427734,61.47150260925293,51.37037939071655,0.0019654404859685837,15.798081839082196
2019-12-18,67.37032318115234,61.74129066467285,51.499303855895995,-0.002389647421938479,15.823701169696424
2019-12-19,67.43775177001953,61.99979751586914,51.63097221374512,0.0010008648568580192,15.816594632168183
2019-12-20,67.29808807373047,62.24081619262695,51.76145370483398,-0.0020710016663271213,15.667712611460452
2019-12-23,68.39628601074219,62.4744091796875,51.89028961181641,0.01631841213391616,16.16996015645899
2019-12-24,68.4613037109375,62.71093544006348,52.01705581665039,0.0009506027883605661,16.111011050165455
2019-12-26,69.81957244873047,62.9772679901123,52.149660186767576,0.019839948469692503,16.808899271628462
2019-12-27,69.79309844970703,63.24763328552246,52.279725551605225,-0.0003791773294354872,16.740374682173197
2019-12-30,70.20732879638672,63.5219132232666,52.409014549255375,0.005935119028684266,16.483960947322704
2019-12-31,70.7203140258789,63.80102645874023,52.538604755401614,0.007306719088828073,16.335436884203382
2020-01-02,72.33386993408203,64.09272171020508,52.67803800582886,0.022816017298971092,17.27737612225453
2020-01-03,71.6306381225586,64.37299362182617,52.81201303482056,-0.009722026654515936,17.618565015663297
2020-01-06,72.20140838623047,64.64921768188476,52.94058534622192,0.00796824206277913,17.036805142229177
2020-01-07,71.86184692382812,64.91672950744629,53.07227319717407,-0.004702975606596382,17.04686512679864
2020-01-08,73.01783752441406,65.1929542541504,53.2124931716919,0.016086291266786734,17.29775012358634
2020-01-09,74.56880187988281,65.48833694458008,53.36279134750366,0.02124089685551378,17.563159337654916
2020-01-10,74.73738098144531,65.81475219726562,53.51193071365356,0.002260718924169458,17.15844498753929
2020-01-13,76.33409118652344,66.17324569702149,53.668755855560306,0.02136427827828924,17.627744733439172
2020-01-14,75.30332946777344,66.48471183776856,53.81896167755127,-0.013503294566399204,18.35650113988291
2020-01-15,74.98062133789062,66.75581993103027,53.96601705551147,-0.004285443049645177,17.890540652898824
2020-01-16,75.91987609863281,67.0376457977295,54.114456539154055,0.012526633468527226,16.556275795030935
2020-01-17,76.76036834716797,67.33805778503418,54.26551393508911,0.01107078003450912,16.595638030728693
2020-01-21,76.24016571044922,67.62753776550294,54.413565196990966,-0.00677696900001834,16.85596338018816
2020-01-22,76.5123062133789,67.90820350646973,54.561416416168214,0.00356951615193557,16.38003214953408
2020-01-23,76.88076782226562,68.19281829833984,54.70741651535034,0.004815716936555914,15.316701087034215
2020-01-24,76.65923309326172,68.46308013916016,54.853023796081544,-0.002881536374819471,15.533049917086409
2020-01-27,74.405029296875,68.68941383361816,54.986025695800784,-0.029405509361727034,18.54041949820221
2020-01-28,76.50989532470703,68.94575538635254,55.131541595458984,0.0282892977493987,19.768584358120325
2020-01-29,78.1114501953125,69.24294227600097,55.28516056060791,0.020932650133796304,20.145998670913983
2020-01-30,77.99825286865234,69.52283729553223,55.437784633636475,-0.0014491771229072636,19.9392345005603
2020-01-31,74.53990173339844,69.72711097717286,55.57309312820435,-0.04433882821808466,24.530499568847713
2020-02-03,74.33517456054688,69.93119194030761,55.702755241394044,-0.002746544710828802,24.53805247721603
2020-02-04,76.78927612304688,70.19928611755371,55.84381814956665,0.03301400147383937,25.977857371485758
2020-02-05,77.41543579101562,70.48558738708496,55.98721357345581,0.008154259287004972,25.923179732462522
2020-02-06,78.32095336914062,70.7911067199707,56.13162187576294,0.011696860824622402,25.779081762424887
2020-02-07,77.25636291503906,71.0532258605957,56.27108850479126,-0.013592664648551467,26.300005755214727
2020-02-10,77.62328338623047,71.33270217895507,56.41462961196899,0.0047493883655242985,25.87900646770941
2020-02-11,77.15496826171875,71.58571304321289,56.556996746063234,-0.0060331785011144,26.007388409087127
2020-02-12,78.98723602294922,71.8782113647461,56.70815586090088,0.023747890803547556,26.65786238531699
2020-02-13,78.42475128173828,72.17434272766113,56.861196746826174,-0.007121210584549509,26.833142336994868
2020-02-14,78.44407653808594,72.49354721069336,57.002598705291746,0.00024641782131040735,26.218292673578304
2020-02-18,77.00772094726562,72.77299453735351,57.13845115661621,-0.01831056791296326,26.68977603538787
2020-02-19,78.12299346923828,73.05625183105468,57.27678230285645,0.014482606526381891,26.870799697677427
2020-02-20,77.32154083251953,73.29877014160157,57.41500215530395,-0.010258857234321517,27.05269845010088
2020-02-21,75.57135009765625,73.52453994750977,57.55116682052612,-0.022635228372572702,27.69360517325045
2020-02-24,71.981689453125,73.67100250244141,57.66933557510376,-0.04750028469641665,30.42311409909304
2020-02-25,69.54352569580078,73.75767150878906,57.777910766601565,-0.03387199961334564,31.85553440210646
2020-02-26,70.6467514038086,73.86308151245117,57.89531509399414,0.015863816177994483,31.540272380433336
2020-02-27,66.02867126464844,73.85835662841797,58.003335304260254,-0.06536861281509954,36.34512011374015
2020-02-28,65.99004364013672,73.83017288208008,58.10764604568482,-0.0005850129007881621,36.35942323203252
2020-03-02,72.13379669189453,73.92221481323242,58.23997262954712,0.0931012121352961,45.811055771558294
2020-03-03,69.84284973144531,73.97166534423827,58.36184907913208,-0.031759689154233106,46.48255311252545
2020-03-04,73.08248901367188,74.08456008911133,58.50121547698975,0.04638469499287878,48.58659452216056
2020-03-05,70.71192932128906,74.1528369140625,58.63579740524292,-0.032436767334776184,49.40863152621576
2020-03-06,69.77285766601562,74.18036834716797,58.761486015319825,-0.013280243719650753,49.46493462756641
2020-03-09,64.25438690185547,74.09623001098633,58.864151039123534,-0.07909194131872355,54.186842026486595
2020-03-10,68.882080078125,74.07748016357422,58.99368606567383,0.07202143541324335,58.09918099324092
2020-03-11,66.48975372314453,74.01141326904298,59.11208471298218,-0.03473075075937204,58.12247493743294
2020-03-12,59.923587799072266,73.80573844909668,59.19853761672974,-0.09875455324158677,63.7370247866706
2020-03-13,67.1029281616211,73.73339073181153,59.321903762817385,0.11980825291405495,73.72804421817017
2020-03-16,58.47034454345703,73.45612022399902,59.40100667953491,-0.12864689894563186,81.39012247445324
2020-03-17,61.04128646850586,73.24433319091797,59.4968274307251,0.04397001497294095,82.70694703495623
2020-03-18,59.54701614379883,72.99124534606933,59.587293796539306,-0.024479666323513616,82.07327721669306
2020-03-19,59.09075164794922,72.73582344055175,59.667896118164066,-0.007662256237118359,81.94505908732593
2020-03-20,55.33934020996094,72.3822534942627,59.72627296447754,-0.06348559348742822,83.28725019122632
2020-03-23,54.1637077331543,71.97415161132812,59.77556631088257,-0.021244063849446326,83.34404167974995
2020-03-24,59.59770202636719,71.67135803222656,59.84613332748413,0.10032537506450412,89.25063679602837
2020-03-25,59.269386291503906,71.33006393432618,59.91215242385864,-0.005508865672673502,89.25138401891837
2020-03-26,62.388328552246094,71.07176391601563,59.991099185943604,0.0526231576855265,90.50571444409977
2020-03-27,59.805294036865234,70.76825736999511,60.05787223815918,-0.04140252792984733,91.0775042557671
2020-03-30,61.51202392578125,70.48010032653809,60.133226795196535,0.028538107142554114,91.651374372534
2020-03-31,61.38649368286133,70.17262283325195,60.20964010238647,-0.0020407431735848247,91.58990327207852
2020-04-01,58.156524658203125,69.81095001220703,60.26852813720703,-0.052616932990912746,92.35244368235388
2020-04-02,59.126949310302734,69.46324287414551,60.32681451797485,0.01668642783940366,92.62894541685
2020-04-03,58.2772216796875,69.09117195129394,60.3815459060669,-0.014371240872851354,92.54066651346766
2020-04-06,63.361175537109375,68.8252108001709,60.45979539871216,0.08723740958972104,95.60324150977651
2020-04-07,62.627296447753906,68.58965614318848,60.53518878936767,-0.011582472754560147,95.18485449873555
2020-04-08,64.23025512695312,68.3440633392334,60.618836116790774,0.02559520800225612,95.38291275680282
2020-04-09,64.69373321533203,68.07570899963379,60.70840087890625,0.007215884281680518,93.45495950269917
2020-04-13,65.96350860595703,67.83501411437989,60.79925535202026,0.019627486736598865,93.608758602613
2020-04-14,69.29485321044922,67.7301131439209,60.90683835983276,0.05050284126625937,90.76408956135526
2020-04-15,68.66239166259766,67.61665748596191,61.013435764312746,-0.00912710711617748,90.30641632788772
2020-04-16,69.20799255371094,67.4650318145752,61.11841972351074,0.007946138750807297,89.30952477196965
2020-04-17,68.2689208984375,67.28210151672363,61.21729700088501,-0.013568832451608004,88.88557525829836
2020-04-20,66.85186004638672,67.05271965026856,61.30707963943482,-0.020757041907237928,89.0115317710583
2020-04-21,64.78546142578125,66.8033016204834,61.386745624542236,-0.030910114081667328,86.341898093587
2020-04-22,66.6515121459961,66.58386619567871,61.48077703475952,0.02880354139875352,84.1646433446486
2020-04-23,66.39320373535156,66.36863090515136,61.572057781219485,-0.003875507131462008,83.5223901874636
2020-04-24,68.30995178222656,66.15508522033691,61.67054218292236,0.02886964235850553,78.26276256810138
2020-04-27,68.35824584960938,65.95375511169433,61.77103816986084,0.0007069843576639201,70.36731684940676
2020-04-28,67.25016784667969,65.72987693786621,61.86413990020752,-0.016209865966536063,58.896348353846804
2020-04-29,69.45903778076172,65.57890327453613,61.96600162506103,0.03284556759944346,58.34778721199718
2020-04-30,70.92433166503906,65.43493003845215,62.07603902816773,0.021095798777148955,57.84281485984463
2020-05-01,69.78253173828125,65.28414985656738,62.18174278259277,-0.016098846474159156,58.07321824530868
2020-05-04,70.76983642578125,65.18811958312989,62.28962028503418,0.014148307074940636,54.20917908069013
2020-05-05,71.83204650878906,65.18512672424316,62.40648063659668,0.015009361850395031,53.477625707388576
2020-05-06,72.57312774658203,65.24571876525879,62.52150882720947,0.010316860980736475,46.12250404301898
2020-05-07,73.32390594482422,65.2992618560791,62.638353424072264,0.010345126654370373,45.977826408097734
2020-05-08,75.06913757324219,65.48007118225098,62.76412744522095,0.023801672945945374,44.247135036961765
2020-05-11,76.2503662109375,65.685277633667,62.8977811050415,0.015735209912899784,41.902189422239495
2020-05-12,75.37894439697266,65.75018058776855,63.026216468811036,-0.011428427918026784,41.839263208901464
2020-05-13,74.46882629394531,65.84270011901856,63.14778104782104,-0.012073903532455077,42.13040296561018
2020-05-14,74.92632293701172,65.87957679748536,63.27270948410034,0.006143465203286125,38.18736083095596
2020-05-15,74.48334503173828,65.95500511169433,63.3903279876709,-0.005912179964387643,38.34083809807055
2020-05-18,76.23826599121094,66.08431327819824,63.52223466873169,0.023561253307365027,37.99208057853719
2020-05-19,75.79772186279297,66.31517997741699,63.65721313476563,-0.005778517161824648,30.16132029082493
2020-05-20,77.27184295654297,66.48297523498535,63.81233556747436,0.019448092337371436,29.914522096170593
2020-05-21,76.69576263427734,66.68709541320801,63.96020015716553,-0.007455242430151499,29.681128224374454
2020-05-22,77.1895523071289,67.03241470336914,64.10809385299683,0.006438291450418188,29.679437941167908
2020-05-26,76.6667251586914,67.22369064331055,64.24812292098999,-0.006773289037319774,29.61788861578118
2020-05-27,77.00074005126953,67.5942985534668,64.39182703018189,0.00435671266624138,26.319271954359873
2020-05-28,77.03463745117188,67.91416557312012,64.53631290435791,0.0004402217417620591,26.060357702577747
2020-05-29,76.9595718383789,68.26241668701172,64.6702307510376,-0.0009744397491394663,26.070404356182436
2020-06-01,77.90603637695312,68.63872238159179,64.81634834289551,0.012298204316441241,25.658348222566513
2020-06-02,78.2667007446289,69.09726959228516,64.96548183441162,0.004629479106480039,24.51302470685816
2020-06-03,78.69754791259766,69.58794639587403,65.11105489730835,0.00550485920410182,21.967853277274223
2020-06-04,78.01982116699219,69.95638877868652,65.24861721038819,-0.008611789866161512,21.349050800169373
2020-06-05,80.24188995361328,70.3758388519287,65.39727788925171,0.028480823890444595,22.177597461739047
2020-06-08,80.7163314819336,70.74239891052247,65.5455735206604,0.005912641496786497,21.13247416269224
2020-06-09,83.26516723632812,71.21159637451171,65.70682935714721,0.031577695710378384,22.361612356459435
2020-06-10,85.4073715209961,71.68950332641602,65.89058568954468,0.025727496332143662,21.928391513267346
2020-06-11,81.30693817138672,72.08791221618652,66.04921766281127,-0.048010297900355714,26.11807141579416
2020-06-12,82.00889587402344,72.56495964050293,66.21415676116943,0.008633429304115037,25.71369546788101
2020-06-15,83.02311706542969,73.04288299560547,66.38252225875854,0.012367209442305294,24.999612472916006
2020-06-16,85.2234115600586,73.58180679321289,66.55771127700805,0.026502190864441832,25.60172696496715
2020-06-17,85.10482788085938,74.01667984008789,66.73263149261474,-0.0013914448744597463,25.560394287372656
2020-06-18,85.13870239257812,74.46690795898438,66.91137079238892,0.0003980327857096011,25.569529347223334
2020-06-19,84.65216827392578,74.87534622192383,67.08348745346069,-0.005714605754841284,25.726242833168094
2020-06-22,86.86699676513672,75.31881149291992,67.26176801681518,0.02616387195238734,25.88545285289772
2020-06-23,88.72113037109375,75.77396392822266,67.44934328079223,0.02134451143706584,26.137303494808716
2020-06-24,87.155029296875,76.13116744995118,67.62799552917481,-0.017651951318341186,26.54035581069002
2020-06-25,88.31207275390625,76.52416107177734,67.80939552307129,0.013275693512649012,26.138287671284456
2020-06-26,85.5986099243164,76.85197341918945,67.96895643234252,-0.03072584240153986,28.2027137108516
2020-06-29,87.5713882446289,77.23802276611327,68.13898147583008,0.02304684996703532,28.511766105470254
2020-06-30,88.3023910522461,77.66703338623047,68.31787195205689,0.008347507356799566,28.014042514077193
2020-07-01,88.13536071777344,78.13403137207031,68.49454664230346,-0.001891572045583989,27.90580322305493
2020-07-02,88.13536071777344,78.56370834350587,68.670260887146,0.0,27.61001125837847
2020-07-06,90.49298095703125,79.04570388793945,68.85527811050414,0.026749992512169696,28.094061129377145
2020-07-07,90.21221923828125,79.48374923706055,69.04106449127197,-0.003102580065113658,28.207589060225168
2020-07-08,92.31327819824219,79.9628498840332,69.241233959198,0.023290181504251883,28.428417521157478
2020-07-09,92.71023559570312,80.47205123901367,69.44219966888427,0.004300111589672584,28.428769841653885
2020-07-10,92.8724365234375,80.94031921386718,69.64522499084472,0.0017495471421484776,28.407587356573337
2020-07-13,92.4439926147461,81.37071243286132,69.8420862007141,-0.004613251517131101,28.50914972193542
2020-07-14,93.97377014160156,81.85453720092774,70.04796489715577,0.016548155089219474,28.613446971562233
2020-07-15,94.62007141113281,82.33154190063476,70.25835973739623,0.006877464515442799,28.608586512201768
2020-07-16,93.4557876586914,82.7640167236328,70.45675031661987,-0.012304828511304877,29.123593243972003
2020-07-17,93.26697540283203,83.17789367675782,70.6534524345398,-0.0020203377510329412,28.89980581894969
2020-07-20,95.23249053955078,83.61606536865234,70.8667413520813,0.02107407394985672,28.478670300499264
2020-07-21,93.91810607910156,83.99304473876953,71.07122528076172,-0.013801849064352112,29.044400598509018
2020-07-22,94.18196868896484,84.35167678833008,71.26959707260131,0.002809496708132464,27.95245374493709
2020-07-23,89.8951187133789,84.6420002746582,71.44647457122802,-0.04551667410715554,30.691517151707803
2020-07-24,89.67243957519531,84.9460725402832,71.62543216705322,-0.0024770993283137477,26.85584748828361
2020-07-27,91.79768371582031,85.28349975585938,71.8118585395813,0.023700081660462224,27.45879223358297
2020-07-28,90.28965759277344,85.59962600708008,71.98707105636596,-0.01642771431701151,27.952034856714036
2020-07-29,92.0203628540039,85.91526794433594,72.16358968734741,0.019168366647665636,27.492124967367598
2020-07-30,93.13387298583984,86.26199096679687,72.34608409881592,0.01210069268692826,27.595259798983037
2020-07-31,102.8838882446289,86.77423187255859,72.57798881530762,0.10468817570027888,40.31279012866163
2020-08-03,105.47633361816406,87.34984329223633,72.82399631500245,0.025197777978327007,40.485234933692574
2020-08-04,106.18071746826172,87.92966659545898,73.07243324279786,0.006678122247286256,40.10357318417951
2020-08-05,106.5655746459961,88.52764358520508,73.32143785476684,0.003624548664868499,39.881565676636036
2020-08-06,110.28358459472656,89.19330047607421,73.58411024093628,0.0348894092776344,40.032387360541776
2020-08-07,107.77619934082031,89.80813171386718,73.83490602493286,-0.022735797563349647,40.98291563573443
2020-08-10,109.34268951416016,90.45579406738281,74.08966844558717,0.01453465777157481,39.4351126444513
2020-08-11,106.09087371826172,91.01949081420898,74.32769153594971,-0.029739672678138374,40.68878663171774
2020-08-12,109.61675262451172,91.64649185180664,74.57974229812622,0.03323451662405419,41.408080921649905
2020-08-13,111.55667114257812,92.30367431640624,74.83852731704712,0.017697281406533927,41.40904998830731
2020-08-14,111.45723724365234,92.97242263793946,75.10373041152954,-0.0008913308178467583,41.42520111726533
2020-08-17,111.16625213623047,93.5909098815918,75.36751459121704,-0.0026107331799887223,41.1543749245859
2020-08-18,112.09257507324219,94.21843475341797,75.62932735443115,0.008332771135223238,41.03897022782598
2020-08-19,112.23323059082031,94.79779602050782,75.88336742401123,0.0012548156511367203,40.802140503488374
2020-08-20,114.7236328125,95.38412124633788,76.14784267425537,0.022189526297778928,41.033987285947774
2020-08-21,120.6356201171875,96.17069488525391,76.44232192993164,0.05153242762413068,42.927054158824895
2020-08-24,122.07846069335938,96.97208618164062,76.74388339996338,0.011960319636689976,42.735310541046246
2020-08-25,121.07694244384766,97.73316268920898,77.03687301635742,-0.008203889890349814,42.989603898641086
2020-08-26,122.72349548339844,98.48316436767578,77.33724035263062,0.01359922877400388,43.00725196793931
2020-08-27,121.25640106201172,99.20619583129883,77.62779165267945,-0.011954470622010493,42.99225125727772
2020-08-28,121.05998992919922,99.92462158203125,77.91764987945557,-0.0016198001185278033,42.98343440527601
2020-08-31,125.16539001464844,100.7348860168457,78.22501274108886,0.03391211322461052,43.453299409238525
2020-09-01,130.15109252929688,101.60056793212891,78.55950767517089,0.039832916384193284,43.73313789465599
2020-09-02,127.45449829101562,102.37523529052734,78.87676265716553,-0.020718951995537416,44.65170091688224
2020-09-03,117.25041198730469,102.97714294433594,79.14138362884522,-0.0800606211670305,49.298607627089524
2020-09-04,117.32801055908203,103.55746170043945,79.40736804962158,0.0006618191822280739,49.24149662541246
2020-09-08,109.43241882324219,104.03413787841797,79.63760730743408,-0.06729502783023766,53.80586396581282
2020-09-09,113.79731750488281,104.55865646362305,79.89109203338623,0.03988670568171315,54.20123566608972
2020-09-10,110.08231353759766,104.99425491333008,80.12627866744995,-0.03264579560169112,55.36663372029459
2020-09-11,108.63704681396484,105.4042886352539,80.34871187210084,-0.013128963928789483,55.63017469199719
2020-09-14,111.89614868164062,105.87950439453125,80.58994527816772,0.02999991221463172,47.73758205780191
2020-09-15,112.07074737548828,106.3110597229004,80.82777688980103,0.0015603637471421905,47.28251405026713
2020-09-16,108.76314544677734,106.68207824707031,81.04978101730347,-0.029513517185969618,48.157303911370384
2020-09-17,107.02688598632812,106.97635040283203,81.26682453155517,-0.01596367458220349,48.40746368070484
2020-09-18,103.63197326660156,107.19478515625,81.4725651359558,-0.03172018589945924,48.15632382043855
2020-09-21,106.77468872070312,107.47283020019532,81.69126180648804,0.0303257320597059,48.5882246622732
2020-09-22,108.45275115966797,107.79300537109376,81.91372491836547,0.01571591974718145,48.619813258890304
2020-09-23,103.903564453125,107.99160125732422,82.10726461410522,-0.04194625454771084,49.39525002437304
2020-09-24,104.97056579589844,108.19861114501953,82.31070314407349,0.010269150518458003,48.48372582114663
2020-09-25,108.90864562988281,108.50766830444336,82.53195356369018,0.03751603894030131,49.47740015499163
2020-09-28,111.50817108154297,108.87249221801758,82.7634440422058,0.023868862169991845,49.9706909399646
2020-09-29,110.6642837524414,109.1811280822754,82.9898842048645,-0.007567941621824725,50.01814873253686
2020-09-30,112.3326416015625,109.54941879272461,83.22022283554077,0.015075847351555982,50.14983589959837
2020-10-01,113.28323364257812,109.93144409179688,83.44964284896851,0.008462295798111086,50.201982459901984
2020-10-02,109.62640380859375,110.32606979370117,83.6601163673401,-0.03228041534833037,50.66547584483829
2020-10-05,113.00191497802734,110.79265930175781,83.88827432632446,0.03079104168487712,49.12952940855081
2020-10-06,109.7622299194336,111.15195022583008,84.09989671707153,-0.028669293429440468,49.55678339079005
2020-10-07,111.62455749511719,111.57864822387695,84.32152906417846,0.016966925481110895,49.865761997809614
2020-10-08,111.51787567138672,111.96859848022461,84.5371370124817,-0.0009557200147031208,49.642425671911
2020-10-09,113.45780181884766,112.37507705688476,84.76211950302124,0.017395651914831944,49.89547092108301
2020-10-12,120.66472625732422,112.73069381713867,85.01634527206421,0.06352074800447394,53.35935933312105
2020-10-13,117.46381378173828,112.97044342041016,85.25469884872436,-0.026527325547980096,52.93874605523887
2020-10-14,117.5511245727539,113.1978515625,85.4914178276062,0.0007432994741500831,51.474088777657045
2020-10-15,117.08551025390625,113.4082502746582,85.72324380874633,-0.003960951633086962,51.19766400875634
2020-10-16,115.4462661743164,113.51150390625,85.93880578994751,-0.014000400869715213,45.773352274842644
2020-10-19,112.49752807617188,113.60593048095703,86.14314023971558,-0.025542082874227656,46.36103456065001
2020-10-20,113.98160552978516,113.69870880126953,86.35204122543335,0.013192089452920275,42.02371736161164
2020-10-21,113.36083221435547,113.8441079711914,86.559536151886,-0.0054462587409989105,40.46885931028013
2020-10-22,112.27445220947266,113.89726196289062,86.75581922531128,-0.009583380640930339,39.38044341789475
2020-10-23,111.58577728271484,113.89784408569336,86.94090410232543,-0.006133852476723156,39.214918066316095
2020-10-26,111.5954818725586,113.90060897827148,87.12519460678101,8.696977410616036e-05,38.25153631866407
2020-10-27,113.09893035888672,113.9392625427246,87.30901880264283,0.013472306056665051,38.44395278039923
2020-10-28,107.8610610961914,113.85463226318359,87.47180746078492,-0.04631227940064908,39.868773683234146
2020-10-29,111.85735321044922,113.84711471557617,87.65619112014771,0.03705036899918768,40.966764044522115
2020-10-30,105.59133911132812,113.66446884155273,87.80454843521119,-0.0560179006500553,43.236426990851946
2020-11-02,105.5040283203125,113.36183700561523,87.9482667350769,-0.0008268745500383812,42.33258895711302
2020-11-03,107.1238784790039,113.06274536132813,88.10268529891968,0.015353443697652125,42.320983400708066
2020-11-04,111.49845886230469,112.87117568969727,88.27761606216431,0.040836650478055514,42.00232749103375
2020-11-05,115.45596313476562,112.72582504272461,88.4704920387268,0.035493802451101786,43.02159984407729
2020-11-06,115.32479095458984,112.60719284057618,88.66381982803345,-0.0011361230430573244,41.80999206776069
2020-11-09,113.0219955444336,112.44643295288085,88.85690465927124,-0.01996791315288826,41.77024018830819
2020-11-10,112.6819076538086,112.19676330566406,89.03776472091675,-0.0030090416381941543,41.7118890609179
2020-11-11,116.10209655761719,111.91578338623047,89.22771795272827,0.030352600297790522,42.39136109440931
2020-11-12,115.83003997802734,111.6832942199707,89.41687688827514,-0.0023432529442294348,42.35159070184377
2020-11-13,115.8786392211914,111.65585876464844,89.62357057571411,0.0004195737407435285,41.156556591144856
2020-11-16,116.88916015625,111.6470817565918,89.83634050369263,0.00872051088837611,40.31148233592493
2020-11-17,116.00493621826172,111.77853210449219,90.0324188041687,-0.007564635906411765,39.395392609013534
2020-11-18,114.68352508544922,111.79625625610352,90.21875925064087,-0.011390990555145697,39.325396706188286
2020-11-19,115.27619934082031,111.90013397216796,90.40353548049927,0.005167911039789752,39.33631132393857
2020-11-20,114.0130615234375,112.00765426635742,90.58731897354126,-0.010957490137650017,39.192603746158824
2020-11-23,110.62203216552734,111.98217193603516,90.75231271743775,-0.029742463824752763,35.27767586292189
2020-11-24,111.90457916259766,111.97884857177735,90.92606077194213,0.011593956212549106,34.76218852193984
2020-11-25,112.74020385742188,112.05838973999023,91.0948256111145,0.007467296701147985,34.852415505219
2020-11-27,113.28433990478516,112.18353881835938,91.26912355422974,0.00482645967228712,34.88403639253926
2020-11-30,115.6745834350586,112.42439102172851,91.4552760887146,0.021099505300401056,35.2172530049329
2020-12-01,119.24052429199219,112.6737077331543,91.66644010543823,0.030827349890009126,35.41114337227316
2020-12-02,119.59033203125,112.89645935058594,91.87377679824829,0.0029336313416503668,35.25852559307304
2020-12-03,119.45428466796875,113.20747375488281,92.08444051742553,-0.0011376117196973956,35.20319942008748
2020-12-04,118.78385925292969,113.48373962402344,92.3005030632019,-0.005612401571886361,35.108481731613914
2020-12-07,120.24131774902344,113.71039306640625,92.54180120468139,0.012269836198791406,35.137756228629094
2020-12-08,120.85345458984375,113.89729873657227,92.79835084915162,0.005090902630475291,35.13495648269014
2020-12-09,118.32718658447266,114.05055679321289,93.03675302505494,-0.020903564684558007,35.64487979573795
2020-12-10,119.74578857421875,114.19881973266601,93.30533861160278,0.011988808579787902,32.696554807071315
2020-12-11,118.93931579589844,114.31194137573242,93.5700849723816,-0.006734873835003041,31.245690362438168
2020-12-14,118.32718658447266,114.48595703125,93.80105192184448,-0.005146567451894568,26.050783168091268
2020-12-15,124.25422668457031,114.71100326538085,94.07310880661011,0.05009026472429823,29.228478137714426
2020-12-16,124.18621826171875,114.99948303222656,94.32862745285034,-0.0005473328728221594,29.131950070471223
2020-12-17,125.05099487304688,115.26801177978516,94.60032278060913,0.006963547351974464,27.104788191273133
2020-12-18,123.0688247680664,115.49903076171876,94.86680261611939,-0.015850894325093456,25.97734221748647
2020-12-21,124.59430694580078,115.72176086425782,95.1685022163391,0.012395358293290526,26.11931833695962
2020-12-22,128.14083862304688,115.87128311157227,95.46479600906372,0.028464636661038156,26.236873031686407
2020-12-23,127.24689483642578,116.06694473266602,95.76858171463013,-0.006976259842116472,26.358144299638386
2020-12-24,128.22824096679688,116.28048706054688,96.11010498046875,0.007712142065490868,25.19671196866518
2020-12-28,132.81439208984375,116.59506469726563,96.43866230010987,0.035765530966258785,26.806341570400683
2020-12-29,131.04603576660156,116.90706008911133,96.80154075622559,-0.013314493221833645,27.28845495431666
2020-12-30,129.92861938476562,117.2556819152832,97.14597742080689,-0.008526899538007449,27.49994646200431
2020-12-31,128.92784118652344,117.55460662841797,97.49288154602051,-0.007702523146794316,27.50487225905048
2021-01-04,125.74085998535156,117.8022071838379,97.82613208770752,-0.02471910777254993,28.395896409968685
2021-01-05,127.2955093383789,118.10262832641601,98.18591293334961,0.012363915382863189,28.514996966450024
2021-01-06,123.01051330566406,118.331123046875,98.53014696121215,-0.03366180044359934,30.22116647690709
2021-01-07,127.20803833007812,118.64337417602539,98.86819864273072,0.03412330305446165,29.92901682523873
2021-01-08,128.3059844970703,118.94751525878907,99.21338163375854,0.008631106818448364,29.883183910333177
2021-01-11,125.3230209350586,119.2967544555664,99.52805509567261,-0.023248826418379775,30.94663692338639
2021-01-12,125.14812469482422,119.56256988525391,99.8547692489624,-0.0013955635519271592,30.97974950915055
2021-01-13,127.17887878417969,119.99432067871093,100.18310352325439,0.01622680399172971,30.770799763447222
2021-01-14,125.25503540039062,120.3893408203125,100.50244623184204,-0.015127066712498638,30.07905371247829
2021-01-15,123.53521728515625,120.71756759643554,100.82933969497681,-0.013730530750614478,30.41106100444793
2021-01-19,124.20564270019531,120.97171127319336,101.15473316192627,0.00542699830681892,30.42563141650182
2021-01-20,128.28659057617188,121.22832382202148,101.5047800064087,0.03285638065435603,31.664305671260816
2021-01-21,132.98931884765625,121.58161437988281,101.85292072296143,0.03665798779407159,33.05903319101729
2021-01-22,135.12692260742188,122.02371292114258,102.21541885375977,0.01607349957340798,33.255525026132844
2021-01-25,138.86781311035156,122.54743103027344,102.58860664367675,0.027684272169787638,33.082675875787075
2021-01-26,139.10098266601562,123.0074087524414,102.96064289093017,0.0016790755931237467,33.043448560490816
2021-01-27,138.0321502685547,123.45145095825195,103.32098609924316,-0.007683859430578033,33.07439948231743
2021-01-28,133.20306396484375,123.797939453125,103.64052715301514,-0.034985228400162494,34.960983055544155
2021-01-29,128.21853637695312,124.02452697753907,103.93830787658692,-0.037420517513067075,34.1678077700358
2021-02-01,130.33676147460938,124.31116348266602,104.24395172119141,0.016520427993568898,34.44582689797208
2021-02-02,131.16265869140625,124.64074615478516,104.55842041015624,0.00633664061814021,34.43820244677443
2021-02-03,130.14242553710938,124.93807067871094,104.87487323760986,-0.0077783811678995285,34.156603300457384
2021-02-04,133.4945831298828,125.32770111083984,105.21841884613038,0.02575760808928207,34.72186081555412
2021-02-05,133.08102416992188,125.77688095092773,105.55056640625,-0.0030979456264421668,33.86808699696863
2021-02-08,133.2269744873047,126.20332885742188,105.88473526000976,0.0010967026914103783,33.77358873941176
2021-02-09,132.35122680664062,126.59554931640625,106.20494163513183,-0.0065733511102702424,33.80823743813913
2021-02-10,131.74786376953125,126.96481979370117,106.52188972473145,-0.004558801997286088,32.21597108815122
2021-02-11,131.494873046875,127.2812255859375,106.84311325073242,-0.0019202643247318019,31.97728069206704
2021-02-12,131.72840881347656,127.53098327636718,107.15446010589599,0.0017760066319720824,31.869102671742933
2021-02-16,129.6070556640625,127.73131774902343,107.44787372589111,-0.016103991299385,32.15228896830982
2021-02-17,127.32025909423828,127.88863723754883,107.7355623626709,-0.01764407468488083,31.735165177212288
2021-02-18,126.220703125,128.03737411499023,108.012816696167,-0.008636143038512234,31.64276676263802
2021-02-19,126.37638092041016,128.16007537841796,108.2855383682251,0.0012333776595745416,29.999260605652683
2021-02-22,122.6104736328125,128.19521575927735,108.53572509765625,-0.029799138574551853,29.597565177864983
2021-02-23,122.47425079345703,128.27815704345704,108.78147682189942,-0.0011110212310525558,29.4547631629801
2021-02-24,121.97795867919922,128.32280044555665,109.0160209274292,-0.0040522159641112054,28.733050114926574
2021-02-25,117.73524475097656,128.2987190246582,109.2234453201294,-0.0347826277317933,30.38105745093638
2021-02-26,117.99799346923828,128.2921351623535,109.43654056549072,0.002231691273224534,29.924559073656916
2021-03-01,124.3523178100586,128.29409698486327,109.6859580230713,0.053851121989433315,33.78831072287012
2021-03-02,121.754150390625,128.2454556274414,109.92009716033935,-0.020893598649300182,34.10313877257708
2021-03-03,118.77645111083984,128.11996475219726,110.14156269073486,-0.024456655237063973,34.76338169391758
2021-03-04,116.89836120605469,127.99655548095703,110.34486316680908,-0.01581197187843708,33.45008068057573
2021-03-05,118.1536865234375,127.86774307250977,110.55664299011231,0.010738604925094375,31.579033946377727
2021-03-08,113.22980499267578,127.56952239990234,110.73643280029297,-0.04167353279988428,32.839901127985215
2021-03-09,117.83255004882812,127.3812355041504,110.94211673736572,0.040649589182371715,34.172128924074364
2021-03-10,116.75242614746094,127.15171920776368,111.13993110656739,-0.00916660040811812,34.12592728604208
2021-03-11,118.67915344238281,126.86901443481446,111.34999324798584,0.016502674578157128,34.71242821299599
2021-03-12,117.774169921875,126.60357711791993,111.55386039733887,-0.007625463228023155,33.53008106839182
2021-03-15,120.6545639038086,126.41809600830078,111.77196002960206,0.024456924500884103,32.94238648421123
2021-03-16,122.19205474853516,126.28338027954102,111.99812244415283,0.012742914938156158,32.777436043985986
2021-03-17,121.40383911132812,126.19663986206055,112.2156114578247,-0.0064506292068591264,32.70617246845312
2021-03-18,117.28762817382812,125.99648223876953,112.41071609497071,-0.03390511344312108,33.93508949862108
2021-03-19,116.76214599609375,125.87151489257812,112.60103908538818,-0.004480286505202158,32.80248590955603
2021-03-22,120.07068634033203,125.7287678527832,112.81129341125488,0.02833572743985857,34.136322041956525
2021-03-23,119.24354553222656,125.54751907348633,113.00630168914795,-0.006888782210846989,34.12741622226175
2021-03-24,116.85945129394531,125.37824768066406,113.18701728820801,-0.019993486671670002,34.45364320502827
2021-03-25,117.34598541259766,125.22220489501953,113.35742137908936,0.004163412657385512,34.532120801999575
2021-03-26,117.94932556152344,125.0376138305664,113.520131149292,0.005141549127602341,34.62292740695953
2021-03-29,118.12449645996094,124.89500305175781,113.70421894073486,0.0014851369230266531,34.61925970921046
2021-03-30,116.67457580566406,124.75779022216797,113.87754734039306,-0.012274512888936107,34.51476127883536
2021-03-31,118.86405944824219,124.6509585571289,114.05675205230713,0.01876573047263519,34.80908274867549
2021-04-01,119.6911849975586,124.47905044555664,114.22909091949462,0.006958584059436168,34.84636135625217
2021-04-05,122.51318359375,124.26952774047851,114.41613269805909,0.023577330245740047,35.59443641642785
2021-04-06,122.8148193359375,124.02328567504883,114.60451328277588,0.0024620676186795087,34.521793752617434
2021-04-07,124.45935821533203,123.73511657714843,114.80354923248291,0.01339039448404189,34.72614094609018
2021-04-08,126.85318756103516,123.49016067504883,115.0034801864624,0.0192338236355154,35.09916631002481
2021-04-09,129.42214965820312,123.3179606628418,115.20698528289795,0.02025145876552692,33.748042167910256
2021-04-12,127.70950317382812,123.20808944702148,115.40975765228272,-0.013233024554900386,34.08956588620136
2021-04-13,130.813720703125,123.25999313354492,115.6222658920288,0.02430686403244131,31.202719904664434
2021-04-14,128.47828674316406,123.22282363891601,115.83666427612305,-0.01785312693047758,31.021831013046665
2021-04-15,130.8818359375,123.21720718383789,116.0532165145874,0.018707824141061202,30.340624780342758
2021-04-16,130.55096435546875,123.22537796020508,116.26445938110352,-0.0025280175790722836,29.8493379449818
2021-04-19,131.21266174316406,123.1797395324707,116.47984588623046,0.0050684986584519365,29.78095311227976
2021-04-20,129.5292205810547,123.10870346069336,116.68681518554688,-0.012829868244000342,27.008988646493666
2021-04-21,129.90870666503906,123.04233810424805,116.88389381408692,0.002929733401328516,24.756627779874428
2021-04-22,128.39068603515625,122.96312728881836,117.07478614807128,-0.011685287836764702,24.877969441260923
2021-04-23,130.7066650390625,122.94230331420898,117.26675308227539,0.018038528147377386,24.952714274314907
2021-04-26,131.09585571289062,122.9343229675293,117.45868118286133,0.002977588585186597,24.73602483870964
2021-04-27,130.77481079101562,122.91525100708007,117.64819305419923,-0.0024489326541192735,23.99166964482829
2021-04-28,129.986572265625,122.92284133911133,117.83590595245361,-0.0060274491748282255,23.93233335929159
2021-04-29,129.88925170898438,122.97422119140624,118.01548336029053,-0.0007486969995773585,23.810538839564536
2021-04-30,127.92359161376953,123.00827896118165,118.18200096130371,-0.015133354525891707,21.868232254682642
2021-05-03,128.9745330810547,123.06024200439452,118.35959468841553,0.008215384308925433,21.800879928315574
2021-05-04,124.41071319580078,123.0962467956543,118.51531337738037,-0.035385434443757635,23.24521270527768
2021-05-05,124.65399932861328,123.13984176635742,118.66242092132569,0.0019555079025197486,23.11583817614176
2021-05-06,126.24988555908203,123.22528030395507,118.82407981872558,0.012802527308102496,22.398905182582553
2021-05-07,126.92247009277344,123.40902481079101,118.98778232574463,0.005327407076156643,22.40815989603701
2021-05-10,123.64727783203125,123.52201049804688,119.15654312133789,-0.02580466845900653,23.86459502482829
2021-05-11,122.73101806640625,123.48958450317383,119.32183601379394,-0.007410270421559062,24.00983503078206
2021-05-12,119.6702880859375,123.44790725708008,119.46119903564453,-0.024938520259097596,24.900029361928215
2021-05-13,121.81475067138672,123.50867324829102,119.6188245010376,0.017919757859271135,24.848629820413866
2021-05-14,124.23213195800781,123.65534866333007,119.77988334655761,0.019844733690276506,25.394671161449995
2021-05-17,123.08192443847656,123.75391342163086,119.9296236038208,-0.009258534820283382,24.671966519452702
2021-05-18,121.69776153564453,123.92327255249023,120.02369297027587,-0.011245866597770937,24.88516875460814
2021-05-19,121.54181671142578,123.9974578857422,120.10402038574219,-0.0012814107856295998,24.55070973024273
2021-05-20,124.09567260742188,124.1443228149414,120.19359516143798,0.021012158326213504,24.681083568141275
2021-05-21,122.26313018798828,124.21600234985351,120.27208293914795,-0.014767174236855696,24.19031546908606
2021-05-24,123.8909683227539,124.33833831787109,120.34011985778808,0.013314219358384616,24.32161562975306
2021-05-25,123.6960220336914,124.39916748046875,120.41971897125244,-0.0015735310789938284,23.117927503782802
2021-05-26,123.64727783203125,124.42827194213868,120.4912419128418,-0.0003940644238896729,22.6100239972333
2021-05-27,122.1169204711914,124.44253356933594,120.57137214660645,-0.012376797837140852,22.021538362998132
2021-05-28,121.46383666992188,124.52605773925781,120.63060756683349,-0.005348020558900379,22.04018739993794
2021-06-01,121.14215850830078,124.61365798950196,120.6785350036621,-0.0026483451407455227,21.928945015259448
2021-06-02,121.90247344970703,124.65029373168946,120.73076118469238,0.006276220852991843,21.850851636043355
2021-06-03,120.42086029052734,124.67384002685547,120.77703422546386,-0.012154086108769224,21.996253908319424
2021-06-04,122.7115249633789,124.79088150024414,120.83012897491454,0.01902215834802301,22.66402269691019
2021-06-07,122.72127532958984,124.89838729858398,120.8825691986084,7.945762399952372e-05,21.910148924762037
2021-06-08,123.54005432128906,125.0102018737793,120.92665130615234,0.006671858563238153,22.009113325223957
2021-06-09,123.9201889038086,125.12611572265625,120.94307415008545,0.0030770148565009148,22.055000260976147
2021-06-10,122.92594909667969,125.25114318847656,120.94731159210205,-0.00802322701348257,22.09658032462077
2021-06-11,124.1346664428711,125.35655532836914,120.96260021209717,0.009832890086053148,22.35027461872966
2021-06-14,127.18563079833984,125.50644424438477,120.98491088867188,0.024577859214475417,23.17995021025288
2021-06-15,126.3668441772461,125.5835174560547,121.01046310424805,-0.006437728978928359,23.112704300367213
2021-06-16,126.86392974853516,125.66449966430665,121.03948280334473,0.003933670849545212,20.644764302544054
2021-06-17,128.4625701904297,125.7445639038086,121.05596870422363,0.012601221206558044,20.928168484375202
2021-06-18,127.16612243652344,125.75082260131836,121.04104385375976,-0.010092027210606425,20.86637022874733
2021-06-21,128.95970153808594,125.74157363891601,121.04856986999512,0.014104221055083244,21.20158596970934
2021-06-22,130.59727478027344,125.79932907104492,121.11530418395996,0.012698333065727985,19.93070189849353
2021-06-23,130.32435607910156,125.78954177856446,121.18028591156006,-0.002089773325140598,19.773753764919118
2021-06-24,130.04164123535156,125.8208088684082,121.2833320236206,-0.0021693170199007517,18.100899349093943
2021-06-25,129.7492218017578,125.79815658569336,121.36309154510498,-0.002248659973958067,17.576782558546398
2021-06-28,131.37705993652344,125.81467849731445,121.4695652770996,0.012546033896471354,17.058470620718133
2021-06-29,132.887939453125,125.84818405151367,121.59081974029542,0.01150032979373683,16.936811600216377
2021-06-30,133.50201416015625,125.9276399230957,121.69884906768799,0.00462099652954473,16.42516262626315
2021-07-01,133.80418395996094,126.00554946899415,121.80751625061035,0.0022634100444520744,16.374256877922353
2021-07-02,136.42630004882812,126.16626174926758,121.94583202362061,0.019596667393090073,16.24554067317576
2021-07-06,138.4342803955078,126.32081405639649,122.1028689956665,0.014718425596538243,15.646376448558225
2021-07-07,140.91989135742188,126.5172947692871,122.28930858612061,0.01795516944800557,15.936523354020645
2021-07-08,139.62347412109375,126.69426803588867,122.45355251312256,-0.009199675246980954,16.331253235445324
2021-07-09,141.44625854492188,126.92346176147461,122.61852005004883,0.013054999779243737,16.474451355390364
2021-07-12,140.85166931152344,127.1427101135254,122.80326057434083,-0.004203640587704949,15.905431046538943
2021-07-13,141.96286010742188,127.42349548339844,122.98822204589844,0.00788908503058483,15.63061082768406
2021-07-14,145.3842315673828,127.751689453125,123.17059997558594,0.024100468653364793,16.36035206251174
2021-07-15,144.7311553955078,128.15809829711915,123.33671489715576,-0.0044920701841885124,16.648284047093668
2021-07-16,142.69393920898438,128.51889709472655,123.49686317443847,-0.014075864874817934,16.836542160695412
2021-07-19,138.8533935546875,128.77096725463866,123.6294669342041,-0.02691456746927523,18.830385057873457
2021-07-20,142.4599609375,129.0817170715332,123.77535057067871,0.025973923218463257,19.808645516422814
2021-07-21,141.72889709472656,129.4433494567871,123.93586303710937,-0.005131714468840642,20.01941802637611
2021-07-22,143.0935821533203,129.8506007385254,124.08632137298584,0.009628841305959313,20.064249674143525
2021-07-23,144.8091278076172,130.35337753295897,124.26155586242676,0.011988976923218875,19.78191637951225
2021-07-26,145.228271484375,130.82164794921874,124.42957443237304,0.002894456192807482,19.75360286608749
2021-07-27,143.06434631347656,131.19829223632811,124.5873067855835,-0.014900164746030509,19.722826460963283
2021-07-28,141.3195343017578,131.56304443359375,124.72661544799804,-0.012195994716220904,20.055534208518385
2021-07-29,141.96286010742188,131.9683464050293,124.83310611724853,0.004552277990743869,20.056662061694517
2021-07-30,142.17735290527344,132.38105712890626,124.95667381286621,0.0015109078366641882,19.89221526678025
2021-08-02,141.8459014892578,132.73606170654296,125.07814769744873,-0.002331253249850951,19.55702386898081
2021-08-03,143.63943481445312,133.16358779907227,125.21091732025147,0.012644237911457301,19.494147113405266
2021-08-04,143.2397918701172,133.55056427001952,125.34988494873046,-0.0027822648066819777,19.387363691080214
2021-08-05,143.34701538085938,133.9435841369629,125.50413238525391,0.0007485595262481937,19.338007609646652
2021-08-06,142.66368103027344,134.32391220092774,125.64754276275634,-0.004766993918711049,19.415782255957758
2021-08-09,142.61483764648438,134.7338705444336,125.793812789917,-0.00034236733158943267,19.377418829764252
2021-08-10,142.136474609375,135.14732330322266,125.94312290191651,-0.003354230492448096,19.26066173234286
2021-08-11,142.39035034179688,135.57228713989258,126.09714576721191,0.0017861406308239403,19.079826830226896
2021-08-12,145.34825134277344,136.0412026977539,126.26590961456299,0.020773184375741494,19.805577069000996
2021-08-13,145.5532684326172,136.5438508605957,126.42818130493164,0.0014105232636081322,19.80954988629808
2021-08-16,147.52520751953125,137.04012451171874,126.62650203704834,0.013547885994926734,19.4402478011775
2021-08-17,146.61734008789062,137.51804580688477,126.80030197143554,-0.0061539817289898435,19.257721905849657
2021-08-18,142.87844848632812,137.90481369018553,126.98673751831055,-0.025501019179049345,20.221085163925483
2021-08-19,143.21035766601562,138.2906170654297,127.17526916503907,0.0023230178043209815,20.013585432754574
2021-08-20,144.66488647460938,138.72539581298827,127.3629742050171,0.010156589455532883,19.87807702918968
2021-08-23,146.14878845214844,139.16567825317384,127.53622585296631,0.010257513165086607,20.0015864010373
2021-08-24,146.06088256835938,139.54318328857423,127.68925045013428,-0.0006014821246215218,19.910000888029327
2021-08-25,144.8308563232422,139.91246353149415,127.83678077697753,-0.008421325569777482,18.836900554214314
2021-08-26,144.0303497314453,140.25579193115234,127.99182254791259,-0.005527182619222137,18.860443375596155
2021-08-27,145.06512451171875,140.58784301757814,128.15373863220213,0.007184421770847882,18.4938040735574
2021-08-30,149.47763061523438,141.03407318115234,128.32061630249024,0.03041741506353013,18.54240735223448
2021-08-31,148.21832275390625,141.41924560546875,128.48255771636963,-0.00842472452998444,17.408031897317493
2021-09-01,148.8821258544922,141.78494262695312,128.64757514953612,0.0044785495359307426,17.318264060941953
2021-09-02,149.99502563476562,142.1783560180664,128.81310447692871,0.007475039558214824,17.243666942100898
2021-09-03,150.62957763671875,142.59011474609375,128.986227684021,0.004230486972936376,16.983233190331156
2021-09-07,152.9626922607422,143.05438415527342,129.17762351989745,0.01548908694181117,17.46689345190965
2021-09-08,151.42030334472656,143.4552490234375,129.358344039917,-0.010083432065816744,17.119291344643006
2021-09-09,150.405029296875,143.8055908203125,129.5403038787842,-0.006705006035684469,16.795932960973527
2021-09-10,145.42636108398438,144.04407775878906,129.71432552337646,-0.03310174025539758,19.630818134912726
2021-09-13,145.99258422851562,144.28784576416015,129.88476554870604,0.003893538560070686,19.64963123677789
2021-09-14,144.5965576171875,144.45125091552734,130.0440473175049,-0.009562311803063883,19.865371291376192
2021-09-15,145.48492431640625,144.5922637939453,130.20505023956298,0.006143761053915675,19.613949606753582
2021-09-16,145.2506103515625,144.67887817382814,130.3529303741455,-0.0016105721327809297,19.599848189563364
2021-09-17,142.58560180664062,144.73812072753907,130.46965576171874,-0.01834765815077488,20.349184023804657
2021-09-20,139.53977966308594,144.69999114990233,130.56940299987792,-0.021361358404792585,21.229371891154067
2021-09-21,140.01815795898438,144.68332092285155,130.67222236633302,0.003428257497994247,21.262238521739015
2021-09-22,142.38058471679688,144.69167541503907,130.79020599365234,0.016872288510641154,21.828972720332416
2021-09-23,143.33724975585938,144.65073577880858,130.90568565368653,0.006719069464178329,21.907800906171428
2021-09-24,143.42514038085938,144.62461547851564,131.0185440826416,0.000613173652694643,21.033468754972258
2021-09-27,141.91197204589844,144.6089761352539,131.13646800994874,-0.010550230809903915,21.230782531767055
2021-09-28,138.5343017578125,144.6025942993164,131.2304105758667,-0.023801165182832484,21.79601705534394
2021-09-29,139.43240356445312,144.54204315185547,131.33287601470948,0.006482883987899868,21.8943502342774
2021-09-30,138.13406372070312,144.470146484375,131.43191040039062,-0.009311607707815472,20.834527857726602
2021-10-01,139.25669860839844,144.39340881347655,131.50692276000976,0.008127140094605467,20.983354442883186
2021-10-04,135.83018493652344,144.2138299560547,131.5651425933838,-0.024605736787647436,21.801939470440537
2021-10-05,137.75331115722656,144.06433074951173,131.6286541748047,0.014158312613664181,22.020832743682885
2021-10-06,138.62217712402344,143.97548736572264,131.70642093658446,0.006307405313874304,22.14628284451866
2021-10-07,139.88148498535156,143.94672637939453,131.78285682678222,0.00908446171784938,22.261807036411092
2021-10-08,139.50074768066406,143.89748413085937,131.83965637207032,-0.0027218563252124905,22.227743535962976
2021-10-11,139.4129180908203,143.8421954345703,131.9004864883423,-0.0006295994201035437,22.093629177941658
2021-10-12,138.14381408691406,143.76815368652345,131.95006435394288,-0.009103202352306328,20.048933724955024
2021-10-13,137.55810546875,143.6465270996094,131.9737829208374,-0.0042398468728795935,19.97889211136421
2021-10-14,140.34031677246094,143.58853759765626,132.0202543258667,0.02022571693779973,20.948315016954144
2021-10-15,141.39459228515625,143.5494891357422,132.07758419036864,0.0075122782742798044,20.9497632695772
2021-10-18,143.06393432617188,143.55749420166015,132.14826465606689,0.011806265105591907,21.254665463265074
2021-10-19,145.2213592529297,143.60962463378905,132.2456671524048,0.015080145369405829,21.226357298074447
2021-10-20,145.70945739746094,143.68108428955077,132.3377368927002,0.003361063049142299,21.119169191602417
2021-10-21,145.92420959472656,143.75176147460937,132.4523053741455,0.001473838425462226,21.066694897607675
2021-10-22,145.15306091308594,143.74785766601562,132.54203048706054,-0.005284583577888302,18.794499424552534
2021-10-25,145.1042022705078,143.73887634277344,132.62602157592772,-0.00033660084238518184,18.758406647195404
2021-10-26,145.76803588867188,143.70373291015625,132.7282466506958,0.004574875212273399,18.587773734862182
2021-10-27,145.30921936035156,143.67757049560547,132.82905212402343,-0.003147579821070834,18.53046307058098
2021-10-28,148.94073486328125,143.79881622314454,132.93786140441895,0.0249916386511162,19.881079717936164
2021-10-29,146.23660278320312,143.85934112548827,133.04276924133302,-0.01815575895043331,19.86499635318469
2021-11-01,145.41659545898438,143.8743753051758,133.15217613220216,-0.0056074013524125554,18.82720874182888
2021-11-02,146.45140075683594,143.88042755126952,133.26340492248536,0.007116143068714775,18.89121281145755
2021-11-03,147.8863983154297,143.91693786621093,133.36140396118165,0.009798455673198925,18.500410872238266
2021-11-04,147.3690185546875,143.96770111083984,133.4333024597168,-0.003498494564988075,18.478834366044268
2021-11-05,147.89694213867188,144.04503295898436,133.49715255737306,0.003582324081153221,18.493594995715956
2021-11-08,147.0757293701172,144.08524505615233,133.5381921386719,-0.00555260140392011,18.27570003640065
2021-11-09,147.43743896484375,144.04444122314453,133.57987442016602,0.0024593425188210727,16.66041669002813
2021-11-10,144.612060546875,143.9723159790039,133.61277397155763,-0.019163235863330907,17.703784328925586
2021-11-11,144.56321716308594,143.8859378051758,133.66957473754883,-0.00033775456628137857,17.426274082918106
2021-11-12,146.6357879638672,143.81875305175782,133.7616609954834,0.014336778341361267,17.719597899547377
2021-11-15,146.64556884765625,143.73907287597658,133.84320503234864,6.670188720558912e-05,15.873433569141909
2021-11-16,147.62319946289062,143.63228302001954,133.92550773620604,0.006666622271075839,15.544718786183523
2021-11-17,150.05752563476562,143.6050274658203,134.02508323669434,0.01649013285670553,16.041872583038362
2021-11-18,154.33956909179688,143.68371826171875,134.1293081665039,0.028536012698580526,17.62737118446161
2021-11-19,156.9596405029297,143.91438385009766,134.24870124816894,0.016976018700521678,17.959773573868702
2021-11-22,157.41912841796875,144.14291473388673,134.36966201782226,0.002927427162592755,17.909616478785342
2021-11-23,157.80039978027344,144.40699157714843,134.49690788269044,0.0024220141868169787,17.476528299629187
2021-11-24,158.3185577392578,144.66366424560547,134.62976135253905,0.003283628936972649,17.284460850884077
2021-11-26,153.3032684326172,144.82471740722656,134.73880332946777,-0.03167846763043747,19.633729199476488
2021-11-29,156.65658569335938,145.10613708496095,134.86344421386718,0.02187374930115138,20.34729982369251
2021-11-30,161.60342407226562,145.54740997314454,135.0234260559082,0.031577596032823285,21.80328080119473
2021-12-01,161.08526611328125,145.96875213623048,135.1922510910034,-0.003206355075451084,21.651114479240665
2021-12-02,160.09783935546875,146.3230972290039,135.36163677215575,-0.0061298390699376926,21.832347352019912
2021-12-03,158.2207794189453,146.62076782226563,135.52085876464844,-0.01172445514617948,22.255871687673515
2021-12-06,161.62295532226562,146.98472412109376,135.7159211730957,0.021502712322708506,22.759256158095837
2021-12-07,167.3518829345703,147.4935223388672,135.94030933380128,0.03544624958058451,24.505293106423494
2021-12-08,171.1646728515625,148.14612976074218,136.1862429046631,0.022783071514545616,25.047759757282805
2021-12-09,170.65631103515625,148.77060791015626,136.45084823608397,-0.0029700159965082573,25.042492572157865
2021-12-10,175.43695068359375,149.51666564941405,136.73804302215575,0.02801326021545525,25.261283376996325
2021-12-13,171.80995178222656,150.16773071289063,136.9753311920166,-0.020674087683549613,25.476653622708263
2021-12-14,170.43145751953125,150.8597561645508,137.21871772766113,-0.008023366797998976,25.577692421494124
2021-12-15,175.29031372070312,151.61049621582032,137.50128704071045,0.028509151255806442,26.437301644626743
2021-12-16,168.4077911376953,152.20620849609375,137.75883419036865,-0.03926356475106774,29.495046501366996
2021-12-17,167.31283569335938,152.7548355102539,138.00462993621827,-0.00650180990403626,29.578612365518275
2021-12-20,165.95387268066406,153.2838980102539,138.26825027465821,-0.008122287851160093,29.80068531748492
2021-12-21,169.1214599609375,153.87806884765624,138.52469482421876,0.019087154937135198,29.968279642981532
2021-12-22,171.712158203125,154.54943572998047,138.79949348449708,0.015318565974926424,30.110968047282398
2021-12-23,172.33786010742188,155.2450308227539,139.06778701782227,0.0036438998312322557,29.215202801531714
2021-12-27,176.2973175048828,155.96417083740235,139.3604027557373,0.022974971344038586,29.553185091336925
2021-12-28,175.2805633544922,156.64189025878906,139.63353275299073,-0.005767269546585463,29.682059353882114
2021-12-29,175.36851501464844,157.2879818725586,139.89941505432128,0.0005017764575434569,29.67459751301162
2021-12-30,174.2149200439453,157.8678530883789,140.16347045898436,-0.006578119057498832,29.901939561200102
2021-12-31,173.5990447998047,158.4256448364258,140.44502754211425,-0.0035351463811783557,29.8376437493408
2022-01-03,177.9397430419922,159.0659555053711,140.75091552734375,0.025004159712936236,29.612678410661907
2022-01-04,175.68138122558594,159.67652191162108,141.02896900177,-0.0126917223651003,29.811006826528104
2022-01-05,171.00827026367188,160.19460327148437,141.28779262542724,-0.026599921570023888,31.0981539970843
2022-01-06,168.15354919433594,160.64231353759766,141.5442631149292,-0.01669346789447279,31.61550654110043
2022-01-07,168.31976318359375,161.1025244140625,141.79913200378417,0.0009884655426792843,31.616375200307946
2022-01-10,168.33932495117188,161.49049621582031,142.05108200073244,0.00011621788914228937,29.951839013695597
2022-01-11,171.1646728515625,161.9890576171875,142.31628288269042,0.016783647559535764,29.712860712367732
2022-01-12,171.60464477539062,162.51281860351563,142.59093322753907,0.002570459876435338,28.462251561594094
2022-01-13,168.33932495117188,162.95057708740234,142.8383095550537,-0.019028155260556345,29.084015379205358
2022-01-14,169.19964599609375,163.37684204101564,143.08585186004638,0.005110636181839379,29.00571648428275
2022-01-18,166.00274658203125,163.7495166015625,143.30329967498778,-0.01889424410578444,29.372754268610006
2022-01-19,162.5125732421875,164.04182922363282,143.50178844451904,-0.02102479273208324,29.475651797484154
2022-01-20,160.83108520507812,164.31693634033203,143.68364707946776,-0.010346818117288104,27.670272345433773
2022-01-21,158.77804565429688,164.5437484741211,143.8432713699341,-0.012765191182807611,26.90291415337439
2022-01-24,158.00570678710938,164.81162139892578,143.98618915557861,-0.004864267374024012,26.912234904630257
2022-01-25,156.20687866210938,165.04449462890625,144.12867603302,-0.011384576934450052,25.421229607031805
2022-01-26,156.1188201904297,165.2341552734375,144.25520153045653,-0.0005637297949609987,24.920263666697213
2022-01-27,155.65936279296875,165.41443115234375,144.39110691070556,-0.0029429981401377647,24.875938517587677
2022-01-28,166.5209197998047,165.79238555908202,144.56930233001708,0.0697777301149698,31.418705870256108
2022-01-31,170.8714141845703,166.20866333007814,144.7709045791626,0.02612581284078841,30.288740139779595
2022-02-01,170.70523071289062,166.5359765625,144.96836742401123,-0.0009725645010474349,30.217495036333236
2022-02-02,171.9076690673828,166.83493713378905,145.18025966644288,0.007043945574898958,30.14619505107475
2022-02-03,169.03343200683594,167.0672232055664,145.37588329315184,-0.016719655825362056,30.101362209256223
2022-02-04,168.7495574951172,167.2862063598633,145.57767765045165,-0.00167939861569677,29.75837569409484
2022-02-07,168.03500366210938,167.4805352783203,145.76431934356688,-0.004234404188162011,29.752630047852286
2022-02-08,171.1380157470703,167.83723022460939,145.9645301437378,0.018466462447315868,29.468534795012026
2022-02-09,172.55743408203125,168.1552471923828,146.17344326019287,0.008293997851761548,29.54537392980947
2022-02-10,168.48526000976562,168.2928839111328,146.36593669891357,-0.02359894891766745,30.30048625640368
2022-02-11,165.0788116455078,168.37275482177733,146.5418844985962,-0.02021807939792697,30.76667793637025
2022-02-14,165.31370544433594,168.4770721435547,146.72883506774903,0.0014229191286676546,30.773358760320402
2022-02-15,169.14112854003906,168.69547912597656,146.92966804504394,0.023152485061148642,30.639423201182687
2022-02-16,168.90623474121094,168.84114471435547,147.152145652771,-0.0013887444222209222,30.455628618075487
2022-02-17,165.31370544433594,168.80038116455077,147.35544418334962,-0.02126937056159761,30.105508658313816
2022-02-18,163.76708984375,168.65242950439452,147.54303020477295,-0.00935564051648885,29.846231042786304
2022-02-22,160.85000610351562,168.45630340576173,147.71266788482666,-0.017812392850221404,30.24778918135642
2022-02-23,156.6897430419922,168.0813592529297,147.87788021087647,-0.025864239376192977,31.065291254343958
2022-02-24,159.30337524414062,167.83122772216797,148.06074199676513,0.016680301795172436,31.059815660971157
2022-02-25,161.36883544921875,167.6499752807617,148.26923473358156,0.012965577169427256,31.343650732863825
2022-02-28,161.63308715820312,167.37683074951173,148.46832641601563,0.0016375634629124391,30.9297366727749
2022-03-01,159.753662109375,167.2037481689453,148.64593406677247,-0.011627724755319369,31.014525386187984
2022-03-02,163.04269409179688,167.11834533691408,148.84573791503905,0.02058814764552963,31.22630079506401
2022-03-03,162.71963500976562,167.05366058349608,149.05084728240968,-0.0019814385663264877,30.615965045994177
2022-03-04,159.72427368164062,166.86571685791014,149.24175956726074,-0.018408112382658826,30.94508764229278
2022-03-07,155.93601989746094,166.55019409179687,149.40096130371094,-0.02371745819755844,31.49408050423465
2022-03-08,154.1152801513672,166.1857424926758,149.56022205352784,-0.01167619737435277,31.639252413041824
2022-03-09,159.50894165039062,165.84997497558595,149.738311920166,0.03499757774651524,33.09315979896188
2022-03-10,155.17250061035156,165.44781372070312,149.89569431304932,-0.027186194047626566,34.08054883245868
2022-03-11,151.46250915527344,164.96969360351562,150.03477046966552,-0.023908820444894174,34.773429186853946
2022-03-14,147.43930053710938,164.4341812133789,150.16138236999512,-0.02656240571083912,28.444718578986112
2022-03-15,151.8148956298828,163.99849822998047,150.3131376647949,0.02967726431713591,28.786975969433836
2022-03-16,156.2198944091797,163.5641012573242,150.48852634429932,0.0290155900777751,30.312321090057146
2022-03-17,157.22813415527344,163.19503631591797,150.66515464782714,0.006453977900234165,30.296191648667442
2022-03-18,160.51718139648438,162.9852145385742,150.86563625335694,0.020918948500417756,30.753453264176418
2022-03-21,161.88763427734375,162.85989624023438,151.06151679992675,0.008537733275257864,30.891701381174645
2022-03-22,165.25497436523438,162.7986004638672,151.27418529510499,0.02080047746032121,31.523668836522738
2022-03-23,166.61561584472656,162.76412628173827,151.48956310272217,0.008233588639123157,31.12951269012809
2022-03-24,170.3940887451172,162.74871459960937,151.7219326019287,0.02267778371933571,31.763586880864242
2022-03-25,171.0303955078125,162.7372296142578,151.96245483398437,0.003734324162190328,30.994497248449264
2022-03-28,171.89178466796875,162.80827880859374,152.20124042510986,0.005036468269857375,30.372572601481135
2022-03-29,175.1808624267578,162.92790313720704,152.44121658325196,0.019134583803073202,30.79817764007248
2022-03-30,174.0159912109375,163.08816802978515,152.6794623184204,-0.006649534656260392,30.235373042403257
2022-03-31,170.9227294921875,163.25637115478514,152.89975631713867,-0.01777573254747855,30.72274571078323
2022-04-01,170.6290283203125,163.45233001708985,153.1105886077881,-0.0017183271806364697,30.0294336377954
2022-04-04,174.67185974121094,163.77020629882813,153.34811729431152,0.02369369069669114,30.540559111288573
2022-04-05,171.36317443847656,164.03735565185548,153.56013465881347,-0.018942291606881767,30.606997440678242
2022-04-06,168.201416015625,164.27724639892577,153.74815536499023,-0.01845062939112807,30.085335026384612
2022-04-07,168.50486755371094,164.5249673461914,153.93905792236328,0.001804096215561879,29.785177443035877
2022-04-08,166.49813842773438,164.7417428588867,154.12134040832518,-0.011909027644776637,29.864938984170568
2022-04-11,162.24978637695312,164.65632019042968,154.28384323120116,-0.025515913216201946,30.852084898845018
2022-04-12,164.1194610595703,164.52128112792968,154.4475552368164,0.011523433863101618,30.803327595198777
2022-04-13,166.80157470703125,164.4432080078125,154.61712341308595,0.01634244732553336,30.593549292949085
2022-04-14,161.7995147705078,164.241044921875,154.75861091613768,-0.02998808581579049,31.87583676623868
2022-04-18,161.58416748046875,164.09205963134767,154.89751083374023,-0.0013309513958957853,31.399289752865627
2022-04-19,163.8649444580078,163.99436737060546,155.03470405578614,0.014115101826512433,30.76395435698759
2022-04-20,163.6985321044922,163.90763793945314,155.16102531433106,-0.0010155457841580784,30.511187591672424
2022-04-21,162.90565490722656,163.74299072265626,155.27095413208008,-0.004843520507315957,28.93291765320939
2022-04-22,158.37342834472656,163.45931060791017,155.36470390319823,-0.02782117394930872,28.98694553014378
2022-04-25,159.44041442871094,163.27841369628905,155.4546746826172,0.006737153417313735,28.05901108484089
2022-04-26,153.48880004882812,163.04661346435546,155.5178603363037,-0.03732814168357479,29.15869505672451
2022-04-27,153.26365661621094,162.80561248779296,155.57436431884764,-0.0014668394863049938,27.91449944878346
2022-04-28,160.1843719482422,162.62647735595704,155.64836502075195,0.045155619308767214,29.68470054625562
2022-04-29,154.32083129882812,162.33476928710937,155.69631340026856,-0.036604948273659677,31.56176919040565
2022-05-02,154.62428283691406,162.12098083496093,155.7559651184082,0.0019663679590886662,30.91919582177749
2022-05-03,156.11219787597656,161.96788299560546,155.84225914001465,0.009622777300974494,30.950054382801323
2022-05-04,162.51409912109375,162.00116485595703,155.9425298309326,0.04100833459665454,32.69346272663841
2022-05-05,153.4594268798828,161.93655853271486,156.0011824798584,-0.055716225793209784,36.28995807408593
2022-05-06,154.1848602294922,161.83418823242187,156.05663887023925,0.00472719965373769,35.57429453150024
2022-05-09,149.06759643554688,161.58816345214845,156.07793121337892,-0.03318914571981102,36.55553701661352
2022-05-10,151.4694061279297,161.38488983154298,156.10913688659667,0.01611221854926259,36.940614585365275
2022-05-11,143.61697387695312,161.06215606689454,156.11190002441407,-0.05184170488094786,38.76970831369696
2022-05-12,139.75453186035156,160.5963928222656,156.10407501220703,-0.026894049584353374,39.22641407821909
2022-05-13,144.2150115966797,160.2263003540039,156.1153357696533,0.031916530197283466,40.656390817441356
2022-05-16,142.67584228515625,159.8853317260742,156.11782821655274,-0.01067273992133333,40.67012827743165
2022-05-17,146.30311584472656,159.69267364501954,156.14011428833007,0.025423179575984056,40.78141198789187
2022-05-18,138.04876708984375,159.37134338378905,156.11216094970703,-0.05641950075515312,43.22276736282537
2022-05-19,134.64707946777344,158.87410614013672,156.0691973876953,-0.024641202480689017,43.40439582315824
2022-05-20,134.88235473632812,158.46830322265626,156.02687408447267,0.0017473477292242467,43.403395860830955
2022-05-23,140.29373168945312,158.24492767333984,156.01502433776855,0.040119235490093,45.46527238094318
2022-05-24,137.59783935546875,158.04809844970703,155.98993934631346,-0.01921605692228545,45.257957066946794
2022-05-25,137.7546844482422,157.7668942260742,155.9680303955078,0.0011398804916422645,45.026354844539675
2022-05-26,140.95053100585938,157.46150695800782,155.9608312988281,0.02319954904196342,45.357107077433476
2022-05-27,146.6951904296875,157.2508480834961,155.96756599426269,0.040756564610525015,46.61440464310381
2022-05-31,145.91098022460938,156.9587240600586,155.96935455322264,-0.0053458481002757186,46.61762029206357
2022-06-01,145.78353881835938,156.6366421508789,155.9606462097168,-0.0008734188890638928,46.34170769471284
2022-06-02,148.23434448242188,156.29622955322264,155.96873123168945,0.01681126472801653,46.71048412728862
2022-06-03,142.51904296875,155.81429809570312,155.96693420410156,-0.03855585244855053,47.841772712305136
2022-06-06,143.26409912109375,155.27169830322265,155.96720291137694,0.00522776561520355,47.36865091126207
2022-06-07,145.78353881835938,154.7667611694336,155.9727961730957,0.01758598080553364,47.66394839867134
2022-06-08,145.0482940673828,154.22989135742188,155.96729370117188,-0.00504340035189188,46.52120541993
2022-06-09,139.83297729492188,153.52293365478516,155.9361541748047,-0.0359557263737148,47.58306376126733
2022-06-10,134.431396484375,152.7312417602539,155.88415687561036,-0.038628804986068466,46.456627687046044
2022-06-13,129.2847137451172,151.8984814453125,155.81042869567872,-0.038284826862272525,46.557097714756274
2022-06-14,130.1473846435547,151.08884857177733,155.7358399963379,0.0066726442241134,46.64226780329243
2022-06-15,132.7648468017578,150.25070831298828,155.6522760772705,0.020111523296236777,47.03144962246261
2022-06-16,127.50051879882812,149.3734552001953,155.54868705749513,-0.03965152018583873,45.97945261719932
2022-06-17,128.97100830078125,148.58884704589843,155.44913146972655,0.011533204066983327,43.95655118160114
2022-06-21,133.1962127685547,147.8826739501953,155.3651374053955,0.03276088574821068,45.249909936993596
2022-06-22,132.68643188476562,147.20643981933594,155.27542167663574,-0.003827292632372914,44.423203940206065
2022-06-23,135.5489959716797,146.67242401123048,155.18835319519042,0.021573902065586514,44.66020971330649
2022-06-24,138.87228393554688,146.16748046875,155.12561309814453,0.024517245148474087,42.8981626295857
2022-06-27,138.87228393554688,145.6088946533203,155.0679493713379,0.0,42.17672155745662
2022-06-28,134.7353057861328,145.0676104736328,155.01449409484863,-0.029789804215606508,41.92691251365206
2022-06-29,136.49008178710938,144.56572875976562,154.9669815826416,0.013023876635289255,42.05954435555238
2022-06-30,134.02947998046875,143.96901947021485,154.914146194458,-0.018027696770513746,41.557762350327025
2022-07-01,136.1959686279297,143.4189682006836,154.86770141601562,0.016164269590366542,38.606549368715065
2022-07-05,138.77423095703125,142.9363397216797,154.83531951904297,0.0189305333709624,38.26983851481985
2022-07-06,140.10745239257812,142.57102020263673,154.82292877197267,0.009607125374448522,38.34573740825359
2022-07-07,143.469970703125,142.251611328125,154.84257972717285,0.023999567854000814,37.20449596202129
2022-07-08,144.1463623046875,142.06476257324218,154.86322074890137,0.004714516900279575,36.717072923725866
2022-07-11,142.0190887451172,141.83987121582032,154.86141326904297,-0.014757733220307157,37.030107033775664
2022-07-12,142.98959350585938,141.49597564697265,154.85967498779297,0.006833621939962953,36.48817389531098
2022-07-13,142.6269073486328,141.26209716796876,154.85568382263185,-0.0025364514181355213,34.4631920267571
2022-07-14,145.5482635498047,141.08057678222656,154.87386528015136,0.020482504006281266,34.9703528186229
2022-07-15,147.2147674560547,140.90262817382813,154.9172676086426,0.01144983708912295,35.1209590941879
2022-07-18,144.17578125,140.53586181640625,154.9409844970703,-0.020643215749139188,35.2925763520843
2022-07-19,148.0284423828125,140.42724212646485,154.99045639038087,0.026721971605841333,34.26154989695488
2022-07-20,150.02828979492188,140.34411071777345,155.04431434631348,0.013509886207798028,34.42372162329745
2022-07-21,152.2928466796875,140.40861572265624,155.1266276550293,0.015094199153113719,34.33167943362847
2022-07-22,151.0576629638672,140.400380859375,155.1931494140625,-0.008110582622558926,34.39536518267773
2022-07-25,149.94009399414062,140.52684326171874,155.24973899841308,-0.0073982937892655976,32.63798268858169
2022-07-26,148.61666870117188,140.70408599853516,155.2934149169922,-0.008826360299737268,30.440763890461607
2022-07-27,153.7044677734375,140.8938751220703,155.36443351745606,0.03423437705023402,29.0071492153961
2022-07-28,154.25350952148438,141.12542846679688,155.43863647460938,0.00357206108579855,29.014314599534885
2022-07-29,159.3119354248047,141.38560485839844,155.54447708129882,0.03279293883822976,29.778984977638206
2022-08-01,158.3316192626953,141.79126190185548,155.64834465026854,-0.006153438281289891,26.71577776806215
2022-08-02,156.8611297607422,142.23554290771483,155.73094871520996,-0.009287402660320021,27.113166825332037
2022-08-03,162.8607635498047,142.79511108398438,155.8382795715332,0.03824805927519237,27.613717873959608
2022-08-04,162.54702758789062,143.24017700195313,155.9356950378418,-0.0019264060604635702,27.55515986629592
2022-08-05,162.3212432861328,143.7346450805664,156.0211944580078,-0.0013890398680820315,27.29750733073845
2022-08-08,161.8500213623047,144.21655181884765,156.10189727783202,-0.002903020666232048,26.849026358444956
2022-08-09,161.89910888671875,144.63552337646485,156.181771774292,0.00030329019422348225,26.844012158044745
2022-08-10,166.13998413085938,145.02441925048828,156.28670639038086,0.02619455581505381,25.353712611994638
2022-08-11,165.40371704101562,145.4142739868164,156.3882039642334,-0.004431606838627311,25.50542864417718
2022-08-12,168.94761657714844,145.8775555419922,156.5041018676758,0.02142575511319378,24.75409108232994
2022-08-15,170.0176239013672,146.3132211303711,156.62764389038085,0.006333367382724386,24.631315843445282
2022-08-16,169.86053466796875,146.86005096435548,156.7322428894043,-0.0009239585273205231,24.505049368809136
2022-08-17,171.3527069091797,147.42182312011718,156.85782341003417,0.00878469059412601,24.498237797123142
2022-08-18,170.9600067138672,147.92535247802735,156.9855404663086,-0.0022917653441018038,24.080128002011513
2022-08-19,168.37818908691406,148.39195037841796,157.09517440795898,-0.01510188070637053,24.842789598058566
2022-08-22,164.50057983398438,148.8853024291992,157.17824531555175,-0.02302916591488058,25.52956940968035
2022-08-23,164.16673278808594,149.48000915527345,157.26223388671875,-0.0020294581711223225,25.604411149349904
2022-08-24,164.46128845214844,150.18354064941406,157.34505561828612,0.0017942469772040948,25.528132801911426
2022-08-25,166.9154815673828,150.9189025878906,157.44425437927245,0.01492261880186141,25.282584308554355
2022-08-26,160.62289428710938,151.47606353759767,157.5101816558838,-0.037699242881392925,28.00800689750888
2022-08-29,158.42391967773438,152.0945315551758,157.57924095153808,-0.013690293772470441,27.565694930615837
2022-08-30,155.99923706054688,152.6350961303711,157.6364210510254,-0.015305028572199064,27.149524654318068
2022-08-31,154.3401336669922,153.05797454833984,157.67494277954103,-0.01063533017735685,27.153445475812372
2022-09-01,155.06658935546875,153.5055776977539,157.71704788208007,0.00470684890064943,26.853005879424853
2022-09-02,152.9559783935547,153.85371734619142,157.7437117767334,-0.013610997512015777,27.057074163230414
2022-09-06,151.69940185546875,154.11025970458985,157.7519211578369,-0.008215282274569025,27.07897221769327
2022-09-07,153.10321044921875,154.39487823486328,157.74573936462403,0.009253883512919003,27.043188383780237
2022-09-08,151.6306915283203,154.73278594970702,157.719094619751,-0.009617818702677305,25.309740030564175
2022-09-09,154.4873809814453,155.09273193359374,157.70443588256836,0.01883978384805718,25.894366738571783
2022-09-12,160.43634033203125,155.620869140625,157.71761558532714,0.03850773644289074,26.564146162301157
2022-09-13,151.0220489501953,155.9173907470703,157.68113304138183,-0.058679295241667706,31.57449981444297
2022-09-14,152.4651336669922,156.19120880126954,157.67694236755372,0.009555457145683288,31.636756722997365
2022-09-15,149.5789794921875,156.38063934326172,157.64155433654784,-0.018929929127983414,29.798356897316687
2022-09-16,147.93954467773438,156.4700308227539,157.5732349395752,-0.010960328917999806,29.893918447585534
2022-09-19,151.65032958984375,156.62011016845702,157.526060256958,0.02508311702724786,30.979706299586134
2022-09-20,154.02598571777344,156.86024810791017,157.49570098876953,0.015665354202361037,31.40131669855571
2022-09-21,150.9042205810547,157.01854064941406,157.45911819458007,-0.020267782232790577,31.863572203869694
2022-09-22,149.9422149658203,157.16484680175782,157.40071449279785,-0.006374941744705209,30.724255014147428
2022-09-23,147.67449951171875,157.2073715209961,157.3023275756836,-0.015123929272476744,30.916254334319436
2022-09-26,148.00828552246094,157.22324188232423,157.1865456390381,0.002260281983997414,30.05587654058038
2022-09-27,148.9801483154297,157.31932922363282,157.07816482543944,0.006566272891670444,30.063061809165205
2022-09-28,147.09530639648438,157.30066650390626,156.9364566040039,-0.012651631376783268,30.143433920400277
2022-09-29,139.8701171875,157.09750305175783,156.77675743103026,-0.049119100982796926,32.488154755021014
2022-09-30,135.66848754882812,156.76501586914063,156.60294258117676,-0.030039508961299144,33.16130254792874
2022-10-03,139.84066772460938,156.54067596435547,156.42569435119628,0.030752758073459452,34.8629872262353
2022-10-04,143.42384338378906,156.41035095214843,156.30077461242675,0.025623273383077017,35.633239154250724
2022-10-05,143.7183074951172,156.31238372802736,156.18280197143554,0.0020531043122318238,35.675603387751956
2022-10-06,142.76608276367188,156.09361602783204,156.0668630218506,-0.006625632795443703,35.63656441634725
2022-10-07,137.52391052246094,155.75902404785157,155.90887527465821,-0.036718610889454606,36.332268610089145
2022-10-10,137.84786987304688,155.3297427368164,155.73955383300782,0.002355658367735547,35.14809200355088
2022-10-11,136.43423461914062,154.8917950439453,155.5600357055664,-0.010255038798990257,35.08701530841481
2022-10-12,135.8059844970703,154.47069213867186,155.35757904052736,-0.0046047835708104,34.94354058769738
2022-10-13,140.37081909179688,154.02089324951172,155.18303031921386,0.03361291191718463,36.56995833483619
2022-10-14,135.84527587890625,153.48685821533203,154.98541412353515,-0.0322399145504102,37.45920238788719
2022-10-17,139.80140686035156,153.0364614868164,154.8133465576172,0.029122330208757763,38.550947163912554
2022-10-18,141.11688232421875,152.62179870605468,154.65093574523925,0.009409601043437466,38.67030834360971
2022-10-19,141.22486877441406,152.2083139038086,154.46736137390135,0.0007652270119404836,38.53139798888326
2022-10-20,140.76344299316406,151.70078308105468,154.29277168273927,-0.0032673125155248117,38.47195657157319
2022-10-21,144.57240295410156,151.2841567993164,154.1605923461914,0.027059298067343196,38.93336275730367
2022-10-24,146.7124481201172,150.83945343017578,154.0533868408203,0.014802584188180479,37.36942383189619
2022-10-25,149.54953002929688,150.43009155273438,153.95953567504884,0.019337704097588837,33.89419857453862
2022-10-26,146.61428833007812,149.96516662597656,153.85091049194335,-0.019627221153043606,34.22510056610014
2022-10-27,142.14767456054688,149.3810659790039,153.7058255004883,-0.030465064629140337,34.90448385405778
2022-10-28,152.88726806640625,149.0196112060547,153.61223861694336,0.07555236861286052,41.282101227215854
2022-10-31,150.5312042236328,148.66267150878906,153.52319801330566,-0.015410464668320745,40.93201204828603
2022-11-01,147.89051818847656,148.3304702758789,153.41665237426758,-0.01754244941290173,40.96419443528722
2022-11-02,142.3734130859375,147.89460388183593,153.2985057067871,-0.03730533350020371,41.94515516515285
2022-11-03,136.33609008789062,147.33209991455078,153.16762329101562,-0.04240484839962855,43.56971558694501
2022-11-04,136.07061767578125,146.71520263671874,153.04382095336913,-0.001947191033117024,43.41304349625281
2022-11-07,136.6015625,146.23477600097655,152.93293853759766,0.0039019799666364374,43.43084633092864
2022-11-08,137.17190551757812,145.80973571777344,152.82876953125,0.004175230554761322,43.39389377844248
2022-11-09,132.61917114257812,145.34213439941405,152.71083099365234,-0.033189991476910596,44.21641517484406
2022-11-10,144.41888427734375,145.1437094116211,152.65233131408692,0.08897441473284307,49.51668691614001
2022-11-11,147.20166015625,144.98641082763672,152.61004280090333,0.01926878117658193,48.84272623274386
2022-11-14,145.8053436279297,144.8433981323242,152.50646492004395,-0.009485738998039617,48.25705284015994
2022-11-15,147.53599548339844,144.76013000488283,152.38978782653808,0.011869605135221173,47.83055475162038
2022-11-16,146.30682373046875,144.62420227050782,152.26779579162599,-0.008331334661092926,47.912333433854535
2022-11-17,148.2046661376953,144.55568176269531,152.14928077697755,0.012971660233174198,47.97698358797286
2022-11-18,148.76512145996094,144.44123657226564,152.04793922424315,0.0037816307466655985,46.575771268611554
2022-11-21,145.5398712158203,144.1433071899414,151.93189079284667,-0.021680150646122276,47.123727266775326
2022-11-22,147.6736297607422,144.07633880615234,151.83008392333986,0.014660989645632894,47.10348055058076
2022-11-23,148.54884338378906,143.99801300048827,151.71713806152343,0.005926675090636602,47.05345690563072
2022-11-25,145.63821411132812,143.91919769287108,151.58254196166993,-0.019593752506985695,46.61052925810094
2022-11-28,141.81312561035156,143.79666931152343,151.44918128967285,-0.026264318910506623,46.26402319396204
2022-11-29,138.8140411376953,143.53994354248047,151.3178574371338,-0.021148144501776156,45.9808888623376
2022-11-30,145.55950927734375,143.37061401367188,151.21908645629884,0.048593557858872094,48.022957046319966
2022-12-01,145.83486938476562,143.2692269897461,151.10255516052246,0.0018917356123893114,48.0226385662254
2022-12-02,145.34323120117188,143.17724731445313,150.98474014282226,-0.0033711977503585455,48.02354481037512
2022-12-05,144.18292236328125,143.10741577148437,150.879086227417,-0.007983232712671873,47.473690936958675
2022-12-06,140.52500915527344,142.9577502441406,150.7628758239746,-0.025369947758385636,47.83600615988829
2022-12-07,138.58786010742188,142.74990447998047,150.65156509399415,-0.013785083946951437,47.57442775084476
2022-12-08,140.26931762695312,142.61338470458983,150.56946296691893,0.012132790839168184,47.448649268413405
2022-12-09,139.78749084472656,142.61173217773438,150.47188354492187,-0.0034350119497121856,46.63236487433581
2022-12-12,142.07862854003906,142.7399349975586,150.375432510376,0.016390148227622525,41.11210133859022
2022-12-13,143.0422821044922,142.80396728515626,150.28247848510742,0.006782537066660543,40.99183034193861
2022-12-14,140.81997680664062,142.75188995361327,150.18781005859375,-0.015536002817881256,40.92717581375648
2022-12-15,134.22195434570312,142.561962890625,150.04370635986328,-0.046854307254979966,41.74227348835587
2022-12-16,132.2651824951172,142.3519448852539,149.89143409729004,-0.014578627320133153,40.12850166817874
2022-12-19,130.160888671875,142.20468444824218,149.74361717224122,-0.01590965803354838,40.369296583527166
2022-12-20,130.09205627441406,142.04956817626953,149.61439735412597,-0.0005288255032928069,40.341307867695384
2022-12-21,133.1894989013672,141.98467346191407,149.50976844787598,0.023809621553059657,40.97021241881157
2022-12-22,130.02325439453125,141.86901885986327,149.36234001159667,-0.023772478558393595,40.40763368431737
2022-12-23,129.65939331054688,141.65479034423828,149.23477447509765,-0.002798430832074872,30.257701199739138
2022-12-27,127.85995483398438,141.49508392333985,149.11676170349122,-0.013878196022810818,29.61699154763096
2022-12-28,123.93651580810547,141.17778610229493,148.9992477798462,-0.03068544041778498,30.548760128213466
2022-12-29,127.44696807861328,140.90438781738283,148.87740814208985,0.028324600281188772,31.699405270386276
2022-12-30,127.76160430908203,140.63512252807618,148.73511669158935,0.0024687619894940838,31.745655069152196
2023-01-03,122.98271942138672,140.27950805664062,148.56388961791993,-0.03740470318558453,32.7050090104284
2023-01-04,124.25119018554688,139.87308380126953,148.38255966186523,0.010314219510904499,32.928719061378324
2023-01-05,122.93356323242188,139.39750610351564,148.18778930664064,-0.01060454190545268,32.61888303897899
2023-01-06,127.45677185058594,138.9556509399414,147.99879829406737,0.036793927542898563,34.38506128666876
2023-01-09,127.97793579101562,138.58292388916016,147.80560989379882,0.004088946651187975,34.33994755715475
2023-01-10,128.5482635498047,138.31093566894532,147.59638076782227,0.004456453804040139,34.142250422875655
2023-01-11,131.26219177246094,137.8784341430664,147.3975397491455,0.021112134444389197,34.21006865915526
2023-01-12,131.18350219726562,137.49148010253907,147.193998336792,-0.00059948393465592,33.74408838716628
2023-01-13,132.51100158691406,137.18388977050782,146.98064903259277,0.010119408061329382,30.44589602740752
2023-01-17,133.6713104248047,137.00984771728517,146.7789256286621,0.008756320788425809,30.6052866244181
2023-01-18,132.9534912109375,136.9421957397461,146.58907943725586,-0.0053700319955416465,30.614474135816316
2023-01-19,133.01246643066406,136.88103271484374,146.40099662780761,0.00044357781950221664,30.58754242774765
2023-01-20,135.569091796875,136.86038330078125,146.20548278808593,0.019220945485915353,30.420660057521896
2023-01-23,138.75503540039062,136.8920458984375,146.0424420928955,0.023500515945693357,30.975172599505235
2023-01-24,140.15130615234375,137.04268859863282,145.9021915435791,0.010062847434142208,30.911771354779642
2023-01-25,139.4925079345703,136.94416107177733,145.7571297454834,-0.004700621320341658,30.926721172219736
2023-01-26,141.55747985839844,136.8312774658203,145.6324264526367,0.014803461163639842,30.857500845865804
2023-01-27,143.49456787109375,136.7850619506836,145.53865036010743,0.013684109201668404,31.05234713058575
2023-01-30,140.6134796142578,136.64661163330078,145.42112045288087,-0.02007803012741305,31.280582093389388
2023-01-31,141.88194274902344,136.55811401367188,145.29652229309082,0.009020921310285201,28.006756595536793
2023-02-01,143.0029296875,136.45407928466796,145.20253936767577,0.007900842889214443,27.60520805922337
2023-02-02,148.302978515625,136.44483642578126,145.13613342285157,0.037062519206473965,28.739443498688395
2023-02-03,151.9215545654297,136.57247009277344,145.07641647338866,0.024399887891823013,29.26250124511906
2023-02-06,149.1977996826172,136.60295349121094,145.0039128112793,-0.017928692808625968,29.473966623716258
2023-02-07,152.0690460205078,136.67335754394531,144.9497297668457,0.01924456221203341,28.580509377675078
2023-02-08,149.38461303710938,136.74828552246095,144.90478569030762,-0.0176527245593191,29.266393833658128
2023-02-09,148.35211181640625,136.87906524658203,144.84934417724608,-0.006911697260591598,28.945952642250166
2023-02-10,148.7165069580078,137.07711456298827,144.825482711792,0.002456285503050548,26.904509639584127
2023-02-13,151.513427734375,137.1961929321289,144.81673156738282,0.018807063409288727,26.3613360487885
2023-02-14,150.87327575683594,137.29696105957032,144.77017608642578,-0.004225051119966405,26.508369347786232
2023-02-15,152.97093200683594,137.4495150756836,144.76342658996583,0.013903431469074912,23.227751587479762
2023-02-16,151.37548828125,137.59336639404296,144.7471826171875,-0.010429718278206268,23.77347578023434
2023-02-17,150.23312377929688,137.78752868652344,144.7177872467041,-0.007546561962731069,23.595785116406788
2023-02-21,146.22494506835938,137.9402703857422,144.63634147644044,-0.026679726881175703,23.75843032109224
2023-02-22,146.64842224121094,138.06785247802733,144.60228645324707,0.0028960665545374464,23.763599907826347
2023-02-23,147.1309814453125,138.21472229003905,144.56701705932616,0.0032905857200962174,23.766859710600347
2023-02-24,144.4818572998047,138.26278686523438,144.54408836364746,-0.01800520950437945,24.10954955798236
2023-02-27,145.67343139648438,138.3154098510742,144.51510848999024,0.008247223000512394,24.1210755119245
2023-02-28,145.17123413085938,138.4024349975586,144.52287979125975,-0.0034474183851559426,24.123403873362808
2023-03-01,143.10308837890625,138.58005767822266,144.53962257385254,-0.014246250397574434,24.57645826913499
2023-03-02,143.69398498535156,138.80863372802733,144.5370174407959,0.004129167393513766,24.469772185876632
2023-03-03,148.73623657226562,139.18014068603514,144.56731941223146,0.0350902063675671,26.191049976524322
2023-03-06,151.49371337890625,139.608173828125,144.59327239990233,0.018539374601567626,26.157042124856083
2023-03-07,149.29757690429688,139.9303353881836,144.64951644897462,-0.01449655187417942,25.99297239139115
2023-03-08,150.54827880859375,140.34083587646484,144.7290224456787,0.008377241816178937,25.95533003970421
2023-03-09,148.30288696289062,140.71370574951172,144.79612510681153,-0.014914762649381741,26.36768465576928
2023-03-10,146.24465942382812,141.08139984130858,144.8258797454834,-0.013878539934138456,26.484244686837467
2023-03-13,148.18475341796875,141.56636459350585,144.8788143157959,0.013266084394357947,26.467421493327915
2023-03-14,150.2725067138672,142.02287536621094,144.94140342712402,0.014088853594875106,25.92678132716254
2023-03-15,150.66648864746094,142.48097305297853,144.98998321533202,0.0026217832004620245,25.84982614957011
2023-03-16,153.48301696777344,143.09097900390626,145.02392234802247,0.018693794125001384,26.245370010578934
2023-03-17,152.6459197998047,143.6588735961914,145.05759704589843,-0.005454005169474363,24.191238183514685
2023-03-20,155.0094757080078,144.30039184570313,145.1037267303467,0.015483911468468614,23.574351080712088
2023-03-21,156.86090087890625,144.88847442626954,145.14685951232912,0.011943948345364275,23.099662646109138
2023-03-22,155.43295288085938,145.4375747680664,145.21142906188965,-0.009103275513821174,22.694065448838316
2023-03-23,156.51622009277344,145.9969338989258,145.27768966674805,0.006969353614123319,22.064974167265305
2023-03-24,157.81619262695312,146.52801391601562,145.337852935791,0.008305672941814946,21.992611506357772
2023-03-27,155.87608337402344,147.0218655395508,145.39199188232422,-0.012293473949886335,22.387052402547226
2023-03-28,155.25567626953125,147.47675903320314,145.46910537719725,-0.003980130184587205,21.838233481635488
2023-03-29,158.32830810546875,147.96989898681642,145.58858993530274,0.019790785817088263,22.448722251184694
2023-03-30,159.8941650390625,148.5087124633789,145.74163719177247,0.009889936628077134,22.28878346010526
2023-03-31,162.3955535888672,149.09637420654298,145.90287803649903,0.015644026467092065,22.349791251140356
2023-04-03,163.64627075195312,149.65791778564454,146.05728515625,0.007701671230804452,22.194079689084234
2023-04-04,163.11448669433594,150.14510681152345,146.23535499572753,-0.003249594721429605,20.44609154540174
2023-04-05,161.27285766601562,150.56753784179688,146.3968642425537,-0.011290407526900914,20.904647302401365
2023-04-06,162.15921020507812,151.02087188720702,146.54167922973633,0.005495980860574123,20.91472345091687
2023-04-10,159.5691680908203,151.38110565185548,146.6760929107666,-0.015972217125270083,20.742093628060797
2023-04-11,158.3578338623047,151.6783709716797,146.79013710021974,-0.007591279963471309,20.927484101394615
2023-04-12,157.66848754882812,152.0194711303711,146.88411811828612,-0.004353092592034091,20.952873920535353
2023-04-13,163.04551696777344,152.4427426147461,147.00498428344727,0.03410338681202929,22.176867485869316
2023-04-14,162.7008514404297,152.83670104980467,147.14481201171876,-0.002113922135080104,22.258428672581932
2023-04-17,162.7205352783203,153.1250521850586,147.27596427917481,0.00012098177554920042,20.265504195299293
2023-04-18,163.9417266845703,153.3654556274414,147.42552551269532,0.007504838920061596,19.78050183934216
2023-04-19,165.08413696289062,153.68318237304686,147.5699663543701,0.00696839237589808,19.125402640176496
2023-04-20,164.11898803710938,153.92418121337892,147.6966901397705,-0.005846406223743994,19.249300838595566
2023-04-21,162.5137481689453,154.18676391601562,147.80872161865236,-0.009780951536217719,18.889378419950685
2023-04-24,162.81906127929688,154.47610290527345,147.9054670715332,0.0018786909648662586,18.196336878035837
2023-04-25,161.28274536132812,154.72742767333983,147.9911489868164,-0.009435725190267363,18.34260104785378
2023-04-26,161.27285766601562,154.92261627197266,148.0874178314209,-6.130659104508496e-05,18.04808201819192
2023-04-27,165.85227966308594,155.22219635009765,148.20173126220703,0.028395491115770888,19.556028665786798
2023-04-28,167.1029510498047,155.50483673095704,148.3241114807129,0.00754087546616411,19.05276872617519
2023-05-01,167.01437377929688,155.81761444091796,148.43144203186034,-0.0005300760396590443,18.917971176700867
2023-05-02,165.9803009033203,156.13255798339844,148.52526969909667,-0.006191520242102344,18.72420095342659
2023-05-03,164.90684509277344,156.50619598388673,148.62892501831055,-0.006467368746199242,18.664597701002965
2023-05-04,163.2720489501953,156.8386685180664,148.70514305114747,-0.009913452298832226,18.706907918934075
2023-05-05,170.93392944335938,157.31472747802735,148.80967124938965,0.046927079940677796,22.81669331425557
2023-05-08,170.86495971679688,157.84238952636719,148.90253181457518,-0.00040348763283626354,22.781628830456636
2023-05-09,169.16122436523438,158.31214538574218,148.99304962158203,-0.009971239008784383,22.65798752232591
2023-05-10,170.9240264892578,158.82720123291017,149.09796928405763,0.010420840417999067,22.66645488198624
2023-05-11,171.1111602783203,159.38736267089843,149.21044174194336,0.0010948360678495472,22.126227668145138
2023-05-12,170.1841583251953,159.91716613769532,149.29284019470214,-0.005417542325218183,22.137797862654356
2023-05-15,169.6910858154297,160.3362631225586,149.37002807617188,-0.0028972879415922748,21.807180605143703
2023-05-16,169.6910858154297,160.70021057128906,149.421923828125,0.0,21.732672804315946
2023-05-17,170.302490234375,161.12030883789063,149.4817781829834,0.003603043825238572,21.698771912532212
2023-05-18,172.62986755371094,161.56194061279297,149.56062187194823,0.01366613791808291,21.623151714281537
2023-05-19,172.73834228515625,162.0506497192383,149.610009765625,0.0006283659541796993,21.607806676374892
2023-05-22,171.79161071777344,162.56158874511718,149.65623268127442,-0.005480726252541812,21.04791495003972
2023-05-23,169.1881103515625,162.98165588378907,149.69056701660156,-0.015154991302154364,21.47432832981472
2023-05-24,169.4642333984375,163.36549041748046,149.72863807678223,0.0016320475847932947,21.383198768107494
2023-05-25,170.5983428955078,163.7641275024414,149.77213424682617,0.006692323650406173,19.229490696371794
2023-05-26,173.00460815429688,164.15455932617186,149.80645736694336,0.014104857163020013,19.530913008405317
2023-05-30,174.84877014160156,164.5986163330078,149.8536826324463,0.010659611943168334,19.675439415252896
2023-05-31,174.79946899414062,164.99441619873048,149.88294189453126,-0.0002819645080774924,19.63174814197586
2023-06-01,177.60015869140625,165.40920135498047,149.92085456848145,0.016022300945087498,19.994362509950527
2023-06-02,178.44830322265625,165.8695083618164,149.96379341125487,0.004775584309717473,19.844839560273407
2023-06-05,177.09725952148438,166.28112915039063,149.9925161743164,-0.007571064990660847,19.732452956935763
2023-06-06,176.7323760986328,166.65945281982422,150.02137802124022,-0.002060356122039808,19.783858814516332
2023-06-07,175.361572265625,167.04916259765625,150.0562949371338,-0.0077563820691393115,19.699332574102005
2023-06-08,178.0735321044922,167.50551971435547,150.12415969848632,0.015464960788326598,20.01029797337192
2023-06-09,178.45816040039062,167.9081167602539,150.19561683654786,0.00215994084776594,18.552355336473706
2023-06-12,181.24903869628906,168.33521423339843,150.27955558776856,0.01563883819959133,18.88859122371178
2023-06-13,180.77566528320312,168.70281646728515,150.34885650634766,-0.002611729234487936,18.929878566435836
2023-06-14,181.40684509277344,169.05802795410156,150.45277626037597,0.0034915087082185714,18.741283573637205
2023-06-15,183.43833923339844,169.46450500488282,150.57784835815428,0.011198552841741316,18.66231964632896
2023-06-16,182.36341857910156,169.88631622314452,150.70966926574707,-0.005859847285954789,18.442528364702934
2023-06-20,182.4521484375,170.29217498779298,150.85022933959962,0.0004865551385786482,13.147817085718499
2023-06-21,181.4167022705078,170.72912567138673,150.9819799041748,-0.005675165657733405,13.326407186666142
2023-06-22,184.41464233398438,171.25026184082031,151.13927322387696,0.016525160175199227,13.464250362427771
2023-06-23,184.0990753173828,171.7788735961914,151.30127159118652,-0.0017111820005596412,13.335189664869151
2023-06-26,182.7085723876953,172.17213470458984,151.44929840087892,-0.007553014197873131,13.646958542855462
2023-06-27,185.4599609375,172.62731689453125,151.6184447479248,0.015058891402021546,13.93792889420881
2023-06-28,186.63356018066406,173.1055773925781,151.7791756439209,0.00632804642701057,13.860361609199016
2023-06-29,186.96885681152344,173.5661199951172,151.91183822631837,0.0017965505803714255,13.833916204407002
2023-06-30,191.28829956054688,174.09020324707032,152.11316947937013,0.023102471837744165,14.98104817780844
2023-07-03,189.79916381835938,174.6038067626953,152.29983963012694,-0.007784771706416671,15.058696625380689
2023-07-05,188.68479919433594,175.12722778320312,152.4953687286377,-0.0058712831058092,15.27179936441808
2023-07-06,189.1581268310547,175.6540090942383,152.7014616394043,0.002508562633237066,15.060709339496805
2023-07-07,188.0437469482422,176.18922912597657,152.88342872619629,-0.005891260933281517,14.296445510335937
2023-07-10,186.00241088867188,176.68382019042969,153.04331085205078,-0.010855644458798053,14.88917496512994
2023-07-11,185.479736328125,177.07636932373046,153.21618843078613,-0.002810041859402035,14.947376408812877
2023-07-12,187.1463623046875,177.47723754882813,153.40220916748046,0.008985488170061506,14.683255091756624
2023-07-13,187.90570068359375,177.89506408691406,153.60336517333985,0.004057457326742009,14.494301097076608
2023-07-14,188.0536346435547,178.33653076171876,153.8035919189453,0.0007872776580102325,14.480135415795248
2023-07-17,191.3080291748047,178.86455444335937,154.01523132324218,0.017305672062220667,14.588808641521437
2023-07-18,191.05157470703125,179.42014495849608,154.2350126647949,-0.0013405316487741237,14.614379389253774
2023-07-19,192.4026641845703,179.8495196533203,154.49767539978026,0.007071857322353381,14.367483137723541
2023-07-20,190.4599151611328,180.24141876220702,154.7716325378418,-0.010097308328193555,14.78674479425273
2023-07-21,189.28634643554688,180.64392120361327,155.0188609313965,-0.006161762303595886,14.697224446927883
2023-07-24,190.0851593017578,181.0271438598633,155.25216751098634,0.004220129350338109,14.194068110523233
2023-07-25,190.94313049316406,181.42378326416016,155.48829162597656,0.004513614816421541,14.209634592490369
2023-07-26,191.8109588623047,181.85631927490235,155.73351600646973,0.004544957270257388,13.657404311124935
2023-07-27,190.54864501953125,182.27347045898438,155.99863967895507,-0.00658103087675832,13.819477522981705
2023-07-28,193.12255859375,182.74209991455078,156.2750131225586,0.013507908040778283,14.225409295970904
2023-07-31,193.7340087890625,183.21073028564453,156.5615119934082,0.003166125178564627,13.968466552230685
2023-08-01,192.90562438964844,183.61624542236328,156.8470101928711,-0.004275885295472293,13.899781135892358
2023-08-02,189.91749572753906,183.95982849121094,157.0947435760498,-0.015490106478563193,14.785227974972786
2023-08-03,188.52699279785156,184.2945361328125,157.35815216064452,-0.00732161575931034,14.860998307958187
2023-08-04,179.47393798828125,184.50025268554688,157.5565148162842,-0.04801993961298401,20.00714222913896
2023-08-07,176.37733459472656,184.63851470947264,157.73281707763672,-0.0172537775025412,20.56614030135029
2023-08-08,177.31419372558594,184.77283172607423,157.91326370239258,0.005311675295536444,20.566684826741398
2023-08-09,175.72647094726562,184.8272689819336,158.0880788421631,-0.008954290375521201,20.118551573252642
2023-08-10,175.50949096679688,184.8404833984375,158.24276428222657,-0.0012347597905945085,19.97465501623559
2023-08-11,175.56874084472656,184.85586883544923,158.3870457458496,0.00033758788543747364,19.955222559457084
2023-08-14,177.2178955078125,184.84822357177734,158.5253875732422,0.009393213479525153,18.818823524326547
2023-08-15,175.2329864501953,184.78391723632814,158.66848106384276,-0.011200387251690813,18.92829578604648
2023-08-16,174.36398315429688,184.72925170898438,158.82956260681152,-0.004959130774989218,18.91639048468207
2023-08-17,171.82606506347656,184.63112548828124,158.92425659179688,-0.01455528856882371,19.164123670663727
2023-08-18,172.3099822998047,184.57009368896485,159.03315048217775,0.0028163203071045473,19.22105518361865
2023-08-21,173.6431121826172,184.48148529052733,159.16191345214844,0.007736811675210786,19.302174714959566
2023-08-22,175.0157470703125,184.41263702392578,159.32512512207032,0.007904919869506477,19.52211649971531
2023-08-23,178.8571319580078,184.36479888916017,159.5377303314209,0.02194879576265807,20.485654275411164
2023-08-24,174.17636108398438,184.23281280517577,159.72825904846192,-0.026170445778602724,21.62408285470913
2023-08-25,176.37850952148438,184.13224609375,159.92714378356933,0.01264321073074992,22.046488586039782
2023-08-28,177.93878173828125,184.02225494384766,160.13097816467285,0.008846158304829155,21.53177178173662
2023-08-29,181.81967163085938,184.01138000488282,160.37698066711425,0.021810253249267886,22.640355170383867
2023-08-30,185.30555725097656,184.06844818115235,160.58141403198243,0.019172213814105055,23.302712474347906
2023-08-31,185.52281188964844,184.15057037353515,160.7730197906494,0.0011724129696639718,23.15500721180676
2023-09-01,187.0929412841797,184.20413635253905,160.97945777893065,0.00846326863278235,23.246925964655166
2023-09-05,187.32994079589844,184.26875366210936,161.17842750549318,0.0012667474790444277,23.212940508306186
2023-09-06,180.62478637695312,184.22707794189452,161.35001731872558,-0.03579328745024679,25.31830781146278
2023-09-07,175.34158325195312,184.0247103881836,161.4857019042969,-0.02924960206720617,26.459823907781033
2023-09-08,175.95388793945312,183.81111694335937,161.62164573669435,0.0034920677465319905,26.497499426499093
2023-09-11,177.11912536621094,183.6141223144531,161.77954200744628,0.006622402269160332,26.209244846417327
2023-09-12,174.09735107421875,183.27030334472656,161.91166061401367,-0.017060688876734065,26.467127084107155
2023-09-13,172.03346252441406,182.91498931884766,162.0290837097168,-0.011854795820097408,26.5793351308387
2023-09-14,173.5443572998047,182.61218048095702,162.16861442565917,0.008782563306113822,26.572537675736505
2023-09-15,172.82347106933594,182.28548736572264,162.3236661529541,-0.004153901870882493,26.5421999945579
2023-09-18,175.74649047851562,182.03954223632812,162.5083283996582,0.016913324278778008,23.40685779439829
2023-09-19,176.83277893066406,181.85614959716796,162.6646947479248,0.006180996554700613,22.93815631329857
2023-09-20,173.29751586914062,181.6125051879883,162.80200798034667,-0.019992125232107583,23.609511148465256
2023-09-21,171.7569580078125,181.30471710205077,162.93407661437988,-0.008889670769957392,23.60754481626585
2023-09-22,172.60621643066406,180.99872741699218,163.0761930847168,0.004944535771371328,23.662197379092273
2023-09-25,173.880126953125,180.7152572631836,163.24296867370606,0.00738044404659477,23.770303982077564
2023-09-26,169.81158447265625,180.28532836914061,163.39908729553224,-0.02339854790631457,24.507287391556257
2023-09-27,168.3007049560547,179.8303109741211,163.53924423217774,-0.00889738778007132,24.435475798258818
2023-09-28,168.55746459960938,179.3534069824219,163.68309410095216,0.0015256005233117431,24.42173702577929
2023-09-29,169.0709686279297,178.92562805175783,163.8180558013916,0.003046462697692265,24.104352696951242
2023-10-02,171.57920837402344,178.57148529052733,163.96074043273927,0.014835425421933834,24.493423770223703
2023-10-03,170.24606323242188,178.17470336914062,164.10787086486818,-0.0077698525027313226,24.478694798807112
2023-10-04,171.4903564453125,177.7856478881836,164.2942128753662,0.007308792868777836,24.461421908644052
2023-10-05,172.72474670410156,177.40392364501952,164.49651069641112,0.007198015587440265,23.641674690501752
2023-10-06,175.27249145507812,177.09840057373046,164.72206871032714,0.01475031690358275,22.824701837540452
2023-10-09,176.75376892089844,176.77102478027345,164.95537727355958,0.008451283219192307,22.65960900300288
2023-10-10,176.1612548828125,176.41956970214844,165.1702360534668,-0.003352200304996611,22.529179838863833
2023-10-11,177.5536346435547,176.11252990722656,165.40788795471192,0.0079040068241365,21.691596803696033
2023-10-12,178.45230102539062,175.8832260131836,165.65185249328613,0.005061379811458266,20.94079880726029
2023-10-13,176.61553955078125,175.64499694824218,165.89563041687012,-0.010292730685204421,21.092430186632065
2023-10-16,176.4871368408203,175.58526092529297,166.1583835220337,-0.0007270181904012185,20.880325214918113
2023-10-17,174.936767578125,175.55644958496094,166.39583251953124,-0.008784602042094636,20.9526702419115
2023-10-18,173.6431121826172,175.48302795410157,166.62524005889892,-0.007394988563110827,18.464296221771352
2023-10-19,173.2678680419922,175.4338558959961,166.87666580200195,-0.002161007919682767,16.454162103979918
2023-10-20,170.72012329101562,175.33806854248047,167.1090104675293,-0.014704080911061346,16.923933777773712
2023-10-23,170.83860778808594,175.24346588134765,167.3485356903076,0.0006940277149889429,16.78001422134712
2023-10-24,171.27310180664062,175.12457000732422,167.56761734008788,0.002543301096749939,16.113292097854686
2023-10-25,168.9623565673828,174.99915740966796,167.77253944396972,-0.01349158282814622,16.220192192217418
2023-10-26,164.804931640625,174.80797637939452,167.95382278442383,-0.024605628207486685,17.394942670708218
2023-10-27,166.11831665039062,174.6938214111328,168.12810340881347,0.00796933075176165,17.5977468073693
2023-10-30,168.16246032714844,174.61087097167967,168.3129981994629,0.01230534788683113,17.2311259051327
2023-10-31,168.6364288330078,174.5107373046875,168.49362533569337,0.0028185155291930997,17.12962989423292
2023-11-01,171.7964630126953,174.44635162353515,168.6842510986328,0.018738739912576907,17.17906046661539
2023-11-02,175.35150146484375,174.37623901367186,168.89624114990235,0.020693315740067053,18.003525165419955
2023-11-03,174.44297790527344,174.38157135009766,169.1033937072754,-0.005181156431400491,18.03782693225052
2023-11-06,176.99073791503906,174.39381591796874,169.3105019378662,0.014605116470489898,18.398176232529792
2023-11-07,179.54840087890625,174.42600830078126,169.51446876525878,0.014450829427554268,17.33774929159044
2023-11-08,180.6050262451172,174.4017153930664,169.71673736572265,0.005884905468601653,17.063637708750143
2023-11-09,180.13101196289062,174.29822448730468,169.91992988586426,-0.0026245907552053804,17.12462927268382
2023-11-10,184.3136749267578,174.27404174804687,170.13371086120605,0.023220115838403554,18.17011566651397
2023-11-13,182.73159790039062,174.1868148803711,170.32989601135253,-0.008583611753147813,18.106001146163226
2023-11-14,185.342041015625,174.14705688476562,170.55353881835939,0.014285668955061448,18.182705250077564
2023-11-15,185.90565490722656,174.2526742553711,170.7736573791504,0.003040939273750931,18.13477846395352
2023-11-16,187.58663940429688,174.49757537841796,170.99657592773437,0.009042137518136206,18.181836026675477
2023-11-17,187.56686401367188,174.72983489990236,171.1928953552246,-0.00010542003784386189,17.84128921305847
2023-11-20,189.30715942382812,174.9735955810547,171.3798233795166,0.009278266815984093,17.867562246951028
2023-11-21,188.5062255859375,175.26177307128907,171.5763655090332,-0.00423086924091165,17.89372896684122
2023-11-22,189.16871643066406,175.60447814941406,171.76186386108398,0.0035144242195042086,17.819803581237785
2023-11-24,187.84375,175.89046600341797,171.95415954589845,-0.007004151932011982,17.992277203373074
2023-11-27,187.6657257080078,176.1873110961914,172.15072761535646,-0.0009477253940691766,17.64827387770001
2023-11-28,188.2689208984375,176.43775970458984,172.34848968505858,0.0032142000791781644,17.630669611633724
2023-11-29,187.25045776367188,176.64611328125,172.52717483520507,-0.005409619016805478,17.474121687514828
2023-11-30,187.82394409179688,176.93664184570312,172.7119281768799,0.0030626698325555424,17.229604342082148
2023-12-01,189.0995330810547,177.28349334716796,172.89257118225098,0.006791407748494516,17.20651276066024
2023-12-04,187.30975341796875,177.57756408691407,173.07224250793456,-0.009464749245672532,16.80094112695382
2023-12-05,191.25511169433594,177.9250637817383,173.27735244750977,0.021063282634105063,17.562148271051043
2023-12-06,190.16741943359375,178.33218048095702,173.49706481933595,-0.005687127790239388,17.775219386900567
2023-12-07,192.09561157226562,178.80807861328125,173.72430076599122,0.010139445255212154,17.113104615278925
2023-12-08,193.51951599121094,179.30731964111328,173.9562434387207,0.007412477605765799,14.761073345554399
2023-12-11,191.01779174804688,179.74625610351563,174.18892311096192,-0.012927503618176073,15.66124101853878
2023-12-12,192.53067016601562,180.16528533935548,174.42320930480957,0.007920091652845906,15.527511988283097
2023-12-13,195.7443084716797,180.6752502441406,174.67607467651368,0.01669156557182805,15.907693965186162
2023-12-14,195.8926239013672,181.16329559326172,174.94002235412597,0.0007576998322225137,15.4068851882782
2023-12-15,195.35865783691406,181.61597381591798,175.1983457183838,-0.0027258099555702575,14.739389660568857
2023-12-18,193.6974639892578,181.98447326660155,175.42315185546875,-0.008503302930362167,14.942395010496945
2023-12-19,194.7357177734375,182.34411224365235,175.63936187744142,0.005360182641509725,14.583348736790736
2023-12-20,192.64930725097656,182.67387329101564,175.8561205291748,-0.010714061838867917,14.724030392017454
2023-12-21,192.50099182128906,182.9728204345703,176.06588409423827,-0.0007698726343940976,14.71315791888656
2023-12-22,191.43309020996094,183.2324362182617,176.28153511047364,-0.0055475122555187495,14.81992496158539
2023-12-26,190.8892364501953,183.51791015625,176.50475799560547,-0.0028409600407596214,13.44985038451963
2023-12-27,190.98809814453125,183.80792938232423,176.71877471923827,0.0005179008317828249,13.12918091851412
2023-12-28,191.41331481933594,184.13746032714843,176.92447875976563,0.0022264040478736646,12.56223184039786
2023-12-29,190.37506103515625,184.47209930419922,177.1230216217041,-0.005424146095372895,12.687829873055072
